change_id,decision,adjudicator,reason
CHG_clear_regular_0023,change_present,senior_expert,time_series_resolved_disagreement
CHG_clear_regular_0032,change_present,senior_expert,time_series_resolved_disagreement
CHG_clear_regular_0035,change_present,senior_expert,time_series_resolved_disagreement
CHG_clear_regular_0041,change_present,senior_expert,time_series_resolved_disagreement
CHG_clear_regular_0045,change_present,senior_expert,time_series_resolved_disagreement
CHG_clear_regular_0050,change_present,senior_expert,time_series_resolved_disagreement
CHG_clear_regular_0063,change_present,senior_expert,time_series_resolved_disagreement
CHG_clear_regular_0069,change_present,senior_expert,time_series_resolved_disagreement
CHG_clear_regular_0082,change_present,senior_expert,time_series_resolved_disagreement
CHG_clear_regular_0085,change_present,senior_expert,time_series_resolved_disagreement
CHG_clear_regular_0086,change_present,senior_expert,time_series_resolved_disagreement
CHG_clear_regular_0091,change_present,senior_expert,time_series_resolved_disagreement
CHG_clear_regular_0110,change_present,senior_expert,time_series_resolved_disagreement
CHG_clear_regular_0126,change_present,senior_expert,time_series_resolved_disagreement
CHG_clear_regular_0130,change_present,senior_expert,time_series_resolved_disagreement
CHG_clear_regular_0134,change_present,senior_expert,time_series_resolved_disagreement
CHG_clear_regular_0139,change_present,senior_expert,time_series_resolved_disagreement
CHG_clear_regular_0143,change_present,senior_expert,time_series_resolved_disagreement
CHG_clear_regular_0158,change_present,senior_expert,time_series_resolved_disagreement
CHG_heavy_cloud_0005,change_present,senior_expert,time_series_resolved_disagreement
CHG_heavy_cloud_0011,change_present,senior_expert,time_series_resolved_disagreement
CHG_heavy_cloud_0026,change_present,senior_expert,time_series_resolved_disagreement
CHG_heavy_cloud_0040,change_present,senior_expert,time_series_resolved_disagreement
CHG_heavy_cloud_0052,change_present,senior_expert,time_series_resolved_disagreement
CHG_heavy_cloud_0056,change_present,senior_expert,time_series_resolved_disagreement
CHG_heavy_cloud_0057,change_present,senior_expert,time_series_resolved_disagreement
CHG_heavy_cloud_0058,change_present,senior_expert,time_series_resolved_disagreement
CHG_heavy_cloud_0060,change_present,senior_expert,time_series_resolved_disagreement
CHG_heavy_cloud_0066,change_present,senior_expert,time_series_resolved_disagreement
CHG_heavy_cloud_0094,change_present,senior_expert,time_series_resolved_disagreement
CHG_heavy_cloud_0102,change_present,senior_expert,time_series_resolved_disagreement
CHG_heavy_cloud_0103,change_present,senior_expert,time_series_resolved_disagreement
CHG_heavy_cloud_0107,change_present,senior_expert,time_series_resolved_disagreement
CHG_heavy_cloud_0144,change_present,senior_expert,time_series_resolved_disagreement
CHG_heavy_cloud_0155,change_present,senior_expert,time_series_resolved_disagreement
CHG_heavy_cloud_0156,change_present,senior_expert,time_series_resolved_disagreement
CHG_heavy_cloud_0162,change_present,senior_expert,time_series_resolved_disagreement
CHG_heavy_cloud_0175,change_present,senior_expert,time_series_resolved_disagreement
CHG_heavy_cloud_0183,change_present,senior_expert,time_series_resolved_disagreement
CHG_heavy_cloud_0185,change_present,senior_expert,time_series_resolved_disagreement
CHG_texture_complex_0005,change_present,senior_expert,time_series_resolved_disagreement
CHG_texture_complex_0024,change_present,senior_expert,time_series_resolved_disagreement
CHG_texture_complex_0030,change_present,senior_expert,time_series_resolved_disagreement
CHG_texture_complex_0034,change_present,senior_expert,time_series_resolved_disagreement
CHG_texture_complex_0036,change_present,senior_expert,time_series_resolved_disagreement
CHG_texture_complex_0037,change_present,senior_expert,time_series_resolved_disagreement
CHG_texture_complex_0041,change_present,senior_expert,time_series_resolved_disagreement
CHG_texture_complex_0062,change_present,senior_expert,time_series_resolved_disagreement
CHG_texture_complex_0064,change_present,senior_expert,time_series_resolved_disagreement
CHG_texture_complex_0066,change_present,senior_expert,time_series_resolved_disagreement
CHG_texture_complex_0067,change_present,senior_expert,time_series_resolved_disagreement
CHG_texture_complex_0069,change_present,senior_expert,time_series_resolved_disagreement
CHG_texture_complex_0074,change_present,senior_expert,time_series_resolved_disagreement
CHG_texture_complex_0095,change_present,senior_expert,time_series_resolved_disagreement
CHG_texture_complex_0096,change_present,senior_expert,time_series_resolved_disagreement
CHG_texture_complex_0111,change_present,senior_expert,time_series_resolved_disagreement
CHG_texture_complex_0112,change_present,senior_expert,time_series_resolved_disagreement
CHG_texture_complex_0114,change_present,senior_expert,time_series_resolved_disagreement
CHG_texture_complex_0119,change_present,senior_expert,time_series_resolved_disagreement
CHG_texture_complex_0124,change_present,senior_expert,time_series_resolved_disagreement
CHG_texture_complex_0126,change_present,senior_expert,time_series_resolved_disagreement
CHG_texture_complex_0129,change_present,senior_expert,time_series_resolved_disagreement
CHG_texture_complex_0130,change_present,senior_expert,time_series_resolved_disagreement
CHG_texture_complex_0133,change_present,senior_expert,time_series_resolved_disagreement
CHG_texture_complex_0135,change_present,senior_expert,time_series_resolved_disagreement
CHG_texture_complex_0154,change_present,senior_expert,time_series_resolved_disagreement
CHG_texture_complex_0165,change_present,senior_expert,time_series_resolved_disagreement
CHG_informal_small_roofs_0036,change_present,senior_expert,time_series_resolved_disagreement
CHG_informal_small_roofs_0048,change_present,senior_expert,time_series_resolved_disagreement
CHG_informal_small_roofs_0055,change_present,senior_expert,time_series_resolved_disagreement
CHG_informal_small_roofs_0089,change_present,senior_expert,time_series_resolved_disagreement
CHG_informal_small_roofs_0094,change_present,senior_expert,time_series_resolved_disagreement
CHG_informal_small_roofs_0098,change_present,senior_expert,time_series_resolved_disagreement
CHG_informal_small_roofs_0103,change_present,senior_expert,time_series_resolved_disagreement
CHG_informal_small_roofs_0125,change_present,senior_expert,time_series_resolved_disagreement
CHG_informal_small_roofs_0127,change_present,senior_expert,time_series_resolved_disagreement
CHG_informal_small_roofs_0146,change_present,senior_expert,time_series_resolved_disagreement
CHG_informal_small_roofs_0147,change_present,senior_expert,time_series_resolved_disagreement
