city,K,seed,method,iou,f1,auprc
Douala,10,0,UNet_S2,0.15003751342088936,0.26092629443815163,0.19824042229996544
Douala,10,0,UNet_S1S2,0.18112489202467658,0.30669896680306763,0.2141983374715259
Douala,10,0,CROMA,0.2319905985664102,0.37661098848702745,0.24348413947889222
Douala,10,0,OA_MAE,0.2535828120809261,0.4045728924122419,0.28892195468104326
Douala,10,1,UNet_S2,0.15613255918841268,0.27009456302833534,0.1803574451590855
Douala,10,1,UNet_S1S2,0.19230819257059864,0.32258134896479246,0.22901017992521683
Douala,10,1,CROMA,0.23081783415146523,0.375064169119052,0.2298382158415282
Douala,10,1,OA_MAE,0.25469566119218673,0.40598795240939944,0.2618332896628232
Douala,10,2,UNet_S2,0.17577029962764545,0.2989874802643172,0.1966316182249524
Douala,10,2,UNet_S1S2,0.20780900593585505,0.34410905186923485,0.24338973317246795
Douala,10,2,CROMA,0.2392550149795491,0.38612716848032674,0.2875344904130614
Douala,10,2,OA_MAE,0.27440160415078363,0.43063599929103225,0.29448419956417793
Douala,10,3,UNet_S2,0.14789705974009218,0.2576834890988904,0.1683675838877342
Douala,10,3,UNet_S1S2,0.1833111234399304,0.30982743220910147,0.21190400748007854
Douala,10,3,CROMA,0.22240361714622253,0.36387918691771814,0.23109309247535456
Douala,10,3,OA_MAE,0.25135492147152677,0.40173242164732414,0.25583767606818664
Douala,10,4,UNet_S2,0.15944611982401494,0.27503842929452604,0.19712581350640662
Douala,10,4,UNet_S1S2,0.18588815219939678,0.3135003108929641,0.23859557786233862
Douala,10,4,CROMA,0.22058750929358256,0.3614448085270806,0.23813211381258131
Douala,10,4,OA_MAE,0.2559511866035437,0.4075814240770136,0.28390871798903966
Douala,10,5,UNet_S2,0.16410514224685394,0.28194213098331056,0.20147277335690716
Douala,10,5,UNet_S1S2,0.19611495712515942,0.3279199143141194,0.23074473617923863
Douala,10,5,CROMA,0.2380972283320515,0.38461798134030717,0.265322604679378
Douala,10,5,OA_MAE,0.2748583142558158,0.43119821423647575,0.3010695386506472
Douala,10,6,UNet_S2,0.15084816284876446,0.2621512858401074,0.1858781138695993
Douala,10,6,UNet_S1S2,0.1819178501221548,0.30783501595031,0.20320769049209045
Douala,10,6,CROMA,0.22215370077834587,0.36354461903910146,0.2241043817456813
Douala,10,6,OA_MAE,0.2550224449141136,0.40640300250815964,0.2857275675348814
Douala,10,7,UNet_S2,0.16759995811035808,0.2870845565661061,0.18602902814567293
Douala,10,7,UNet_S1S2,0.20123594397146655,0.3350481559953164,0.2267314437935104
Douala,10,7,CROMA,0.23775904637536943,0.384176624798855,0.2433372932008963
Douala,10,7,OA_MAE,0.267529740450854,0.4221277527668818,0.287934739230698
Douala,10,8,UNet_S2,0.15508591815411582,0.2685270692278039,0.17811449799909146
Douala,10,8,UNet_S1S2,0.1928623621048163,0.3233606294099329,0.1988147044402702
Douala,10,8,CROMA,0.23225514984700818,0.37695951179566023,0.24537073802708104
Douala,10,8,OA_MAE,0.2480690589973513,0.3975245715916394,0.25814748937270976
Douala,10,9,UNet_S2,0.16289460748646062,0.2801536896598898,0.19684054790240552
Douala,10,9,UNet_S1S2,0.20958253358863146,0.3465369708453622,0.2353420684944979
Douala,10,9,CROMA,0.24825222997700008,0.397759721977944,0.23833166654312146
Douala,10,9,OA_MAE,0.2618753955237294,0.41505745567697755,0.29721954337249135
Douala,25,0,UNet_S2,0.18195573765775744,0.30788925821931895,0.23437731579876314
Douala,25,0,UNet_S1S2,0.2212114217501873,0.362281940391872,0.213212332223887
Douala,25,0,CROMA,0.2670238710713443,0.4214977746955306,0.3101922677452865
Douala,25,0,OA_MAE,0.29266057587711325,0.45280343709489757,0.299025245318715
Douala,25,1,UNet_S2,0.1808341233623586,0.30628200825945584,0.16373574240473776
Douala,25,1,UNet_S1S2,0.21702163118560547,0.3566438354496395,0.23759759866688876
Douala,25,1,CROMA,0.23895570709852543,0.38573728782948813,0.26292523855135985
Douala,25,1,OA_MAE,0.2740465014379607,0.4301985855754188,0.316985375853425
Douala,25,2,UNet_S2,0.17086105836365204,0.29185539504139035,0.2233054327659087
Douala,25,2,UNet_S1S2,0.19498256244947232,0.32633541036749114,0.18759951977170775
Douala,25,2,CROMA,0.24243176545063125,0.3902536496444149,0.2764902366893331
Douala,25,2,OA_MAE,0.28137825451432796,0.4391806299553239,0.2993601500878936
Douala,25,3,UNet_S2,0.17206483576073187,0.29360975691938185,0.2069808459921203
Douala,25,3,UNet_S1S2,0.19688817075431642,0.32900011139759416,0.2161736657634683
Douala,25,3,CROMA,0.2541236306373998,0.40526089203540994,0.28807146800349615
Douala,25,3,OA_MAE,0.26641850058010197,0.42074322265201425,0.2869362144724104
Douala,25,4,UNet_S2,0.1731368792760236,0.29516910146558745,0.17723415763404313
Douala,25,4,UNet_S1S2,0.2105358306054091,0.3478390730493564,0.2556177846917883
Douala,25,4,CROMA,0.25865860658349216,0.4110067737678227,0.24839115851557364
Douala,25,4,OA_MAE,0.2773915282497708,0.4343093282133181,0.3139715517364693
Douala,25,5,UNet_S2,0.17714119595622,0.30096847610931493,0.20227408016394927
Douala,25,5,UNet_S1S2,0.21522432993547364,0.3542133326887912,0.2775213512771837
Douala,25,5,CROMA,0.2425112553745867,0.3903566335123065,0.24621868830413293
Douala,25,5,OA_MAE,0.28210989965051164,0.44007132263374854,0.277294573964836
Douala,25,6,UNet_S2,0.17620187616350405,0.29961162234876454,0.20101497186990197
Douala,25,6,UNet_S1S2,0.2211824135053988,0.3622430376646117,0.2717409372427069
Douala,25,6,CROMA,0.2536518969173628,0.4046608114119622,0.28819713518357265
Douala,25,6,OA_MAE,0.29189481223373115,0.4518863447234297,0.3150167119744789
Douala,25,7,UNet_S2,0.1851840882064869,0.3124984380894312,0.16738071321109874
Douala,25,7,UNet_S1S2,0.22899311780967826,0.37265158688242567,0.223327229673044
Douala,25,7,CROMA,0.2573263665563911,0.4093231056009196,0.2744417144946537
Douala,25,7,OA_MAE,0.3084837109096624,0.47151326124679604,0.3367597578509492
Douala,25,8,UNet_S2,0.18622064698114288,0.3139730326816731,0.20604936413787536
Douala,25,8,UNet_S1S2,0.20608132583418207,0.34173703119339255,0.20882638679964388
Douala,25,8,CROMA,0.259325178393838,0.41184784175376404,0.28095770526414565
Douala,25,8,OA_MAE,0.2938611046389017,0.45423902702587876,0.33836356661551287
Douala,25,9,UNet_S2,0.18231614867965112,0.30840507233746617,0.22159157131203996
Douala,25,9,UNet_S1S2,0.22041615610680687,0.36121474630415623,0.25070118802660335
Douala,25,9,CROMA,0.25614496594472613,0.40782707870358526,0.2889041153583098
Douala,25,9,OA_MAE,0.27907856526107955,0.436374391441882,0.30228109709099604
Douala,50,0,UNet_S2,0.1885266027137861,0.31724422875065583,0.22092132080477864
Douala,50,0,UNet_S1S2,0.22142559454662672,0.36256910864687797,0.2603766828952194
Douala,50,0,CROMA,0.26810869962849027,0.4228481355061066,0.2731186987178317
Douala,50,0,OA_MAE,0.30483930208419496,0.46724420638967723,0.3346155070128372
Douala,50,1,UNet_S2,0.1890485262697764,0.3179828612425937,0.20570591541915126
Douala,50,1,UNet_S1S2,0.23254290908262112,0.37733843969083763,0.2474620773535839
Douala,50,1,CROMA,0.263438946493581,0.41701887886977435,0.27583154724433046
Douala,50,1,OA_MAE,0.2962361849047642,0.457071309001498,0.3498104406924306
Douala,50,2,UNet_S2,0.19052507600772128,0.32006898442933024,0.21618671917055718
Douala,50,2,UNet_S1S2,0.23125163222709355,0.37563667113083055,0.26457788083911216
Douala,50,2,CROMA,0.27973028873702077,0.4371706932295703,0.3199996102294721
Douala,50,2,OA_MAE,0.3028218254992913,0.46487066699736684,0.3176431182521581
Douala,50,3,UNet_S2,0.18718915748367773,0.3153484957366642,0.20208514769446131
Douala,50,3,UNet_S1S2,0.22240781566277365,0.3638848063846631,0.24675937172140353
Douala,50,3,CROMA,0.26283702396683983,0.4162643618749992,0.29032159891857434
Douala,50,3,OA_MAE,0.2926466601667182,0.4527867810821162,0.3274922541275975
Douala,50,4,UNet_S2,0.19629328211453537,0.32816916227695053,0.20952372835591387
Douala,50,4,UNet_S1S2,0.22266183965981884,0.364224730726478,0.20795498979431803
Douala,50,4,CROMA,0.2720999552477978,0.4277965015646813,0.2701709600013662
Douala,50,4,OA_MAE,0.30162519884926914,0.4634593723537738,0.31272636685330635
Douala,50,5,UNet_S2,0.19089203993863493,0.320586641839459,0.17394769718725772
Douala,50,5,UNet_S1S2,0.21990619413041115,0.36052967873840075,0.24665581299457282
Douala,50,5,CROMA,0.25605088848129054,0.4077078259000882,0.29170722849001857
Douala,50,5,OA_MAE,0.29729317581913006,0.45832843548477736,0.33827487775652665
Douala,50,6,UNet_S2,0.2030684536010468,0.33758420477773904,0.2403978084872876
Douala,50,6,UNet_S1S2,0.2586641556712166,0.41101377918127324,0.29507642083505053
Douala,50,6,CROMA,0.2938085290604705,0.4541762130349017,0.30056494935924577
Douala,50,6,OA_MAE,0.32976020204330536,0.49596942597108384,0.3159106031632061
Douala,50,7,UNet_S2,0.1862085016111881,0.31395576976268036,0.20850704766058292
Douala,50,7,UNet_S1S2,0.22905683958668333,0.37273595851549446,0.25199404687856736
Douala,50,7,CROMA,0.27035223757715865,0.4256335047557831,0.3175983986360298
Douala,50,7,OA_MAE,0.3011756769925899,0.4629285381182315,0.30252478087551776
Douala,50,8,UNet_S2,0.18953154340629333,0.31866585540650505,0.25669825963031034
Douala,50,8,UNet_S1S2,0.229837295606488,0.37376862195928917,0.26360987825967835
Douala,50,8,CROMA,0.27197037810267577,0.4276363393121751,0.2833897566789542
Douala,50,8,OA_MAE,0.2919048074046145,0.4518983221233454,0.3003075711450403
Douala,50,9,UNet_S2,0.19264185975889211,0.32305064287754776,0.20952865367554074
Douala,50,9,UNet_S1S2,0.2251772397596299,0.36758312585664404,0.24146682933329694
Douala,50,9,CROMA,0.273296796333435,0.42927430135757205,0.2941592130436038
Douala,50,9,OA_MAE,0.28859465651409555,0.44792154779657617,0.31316034519636604
Yaounde,10,0,UNet_S2,0.18258779873082615,0.308793645472721,0.22888033324588547
Yaounde,10,0,UNet_S1S2,0.21128440474376814,0.34886010901537645,0.22462302192936426
Yaounde,10,0,CROMA,0.24306003148228078,0.39106724587137603,0.25607347824150056
Yaounde,10,0,OA_MAE,0.28532185092217677,0.44396950182939404,0.306961733883494
Yaounde,10,1,UNet_S2,0.17848644904785343,0.3029079361787483,0.21717041410604046
Yaounde,10,1,UNet_S1S2,0.20100448549182545,0.3347272852349286,0.23347272671194186
Yaounde,10,1,CROMA,0.238351910474186,0.3849502043129517,0.2517866800536828
Yaounde,10,1,OA_MAE,0.26557611042223395,0.4196920410162133,0.3148710509923114
Yaounde,10,2,UNet_S2,0.1724895345033409,0.29422784498696,0.22148411231973525
Yaounde,10,2,UNet_S1S2,0.1980251668956112,0.3305859882872827,0.2217904027341278
Yaounde,10,2,CROMA,0.24926394076288733,0.39905728906362165,0.2412922908229217
Yaounde,10,2,OA_MAE,0.2641811570276411,0.4179482593282552,0.28491432568839453
Yaounde,10,3,UNet_S2,0.18952288393392952,0.31865361565327616,0.22232475459275186
Yaounde,10,3,UNet_S1S2,0.23406170463470147,0.37933549636237485,0.2595119972806711
Yaounde,10,3,CROMA,0.27004698044390174,0.4252551041057016,0.2892917590577894
Yaounde,10,3,OA_MAE,0.27906945920267934,0.43636325954751526,0.31150194581098933
Yaounde,10,4,UNet_S2,0.1916804058649486,0.32169767149242107,0.198940124474351
Yaounde,10,4,UNet_S1S2,0.22241862425216868,0.36389927286691387,0.251441529787527
Yaounde,10,4,CROMA,0.26901963549273644,0.4239802568354763,0.33775896960972274
Yaounde,10,4,OA_MAE,0.2946586489400156,0.4551912570641897,0.2989344376332443
Yaounde,10,5,UNet_S2,0.17319838417301786,0.2952584771843248,0.17866163683535705
Yaounde,10,5,UNet_S1S2,0.20337759665804642,0.33801127297509176,0.2051256116172501
Yaounde,10,5,CROMA,0.2408747089024763,0.38823373089056534,0.2487101744058714
Yaounde,10,5,OA_MAE,0.26872371716214316,0.42361266448651125,0.2920695486565749
Yaounde,10,6,UNet_S2,0.18010192452127013,0.30523113432652316,0.17560947001297778
Yaounde,10,6,UNet_S1S2,0.21950927863688247,0.3599960779014998,0.26680279605916823
Yaounde,10,6,CROMA,0.2693754203034585,0.4244219889480156,0.3113581312859099
Yaounde,10,6,OA_MAE,0.2886558653373754,0.44799526871637546,0.30375836396326034
Yaounde,10,7,UNet_S2,0.17324791865447287,0.29533045130505825,0.18987599259149524
Yaounde,10,7,UNet_S1S2,0.20033634718624443,0.33380035130296726,0.20900621920513043
Yaounde,10,7,CROMA,0.2352657686629232,0.3809152242882593,0.2717044319577959
Yaounde,10,7,OA_MAE,0.2631461169579187,0.4166519034102929,0.2974985162247543
Yaounde,10,8,UNet_S2,0.1951362517181405,0.3265506362770112,0.20939133455854023
Yaounde,10,8,UNet_S1S2,0.2370198815323493,0.38321111094632154,0.2569516502039042
Yaounde,10,8,CROMA,0.2683578391724699,0.42315793048996,0.2999409196032272
Yaounde,10,8,OA_MAE,0.2992377236562139,0.4606358300836931,0.33936776416484005
Yaounde,10,9,UNet_S2,0.19861533119284852,0.33140796054258503,0.23203103393390426
Yaounde,10,9,UNet_S1S2,0.2211520684611619,0.3622023401882245,0.2526162186459691
Yaounde,10,9,CROMA,0.2829378618274062,0.44107804476888973,0.3650148654808752
Yaounde,10,9,OA_MAE,0.3067314084235172,0.4694635889919686,0.36799450681716983
Yaounde,25,0,UNet_S2,0.1881956694617052,0.3167755518701133,0.20406824324053455
Yaounde,25,0,UNet_S1S2,0.23019346771096827,0.374239457049453,0.24971339133311626
Yaounde,25,0,CROMA,0.27729626856943157,0.43419256032118947,0.29320815049218435
Yaounde,25,0,OA_MAE,0.29535494824028036,0.4560216466405837,0.32965466353956197
Yaounde,25,1,UNet_S2,0.20725466959598,0.34334871475848566,0.235611200462936
Yaounde,25,1,UNet_S1S2,0.2333102572370842,0.37834803670530737,0.24921827534340862
Yaounde,25,1,CROMA,0.2883912284345295,0.4476764853249454,0.31920732861997186
Yaounde,25,1,OA_MAE,0.3060853875746709,0.46870654933680056,0.30220244426178117
Yaounde,25,2,UNet_S2,0.2124700350806911,0.350474698645317,0.23233698233117234
Yaounde,25,2,UNet_S1S2,0.2526043410558612,0.40332662561736415,0.28479892718191896
Yaounde,25,2,CROMA,0.296374319237336,0.4572357147767237,0.3229003383728217
Yaounde,25,2,OA_MAE,0.330929613217248,0.4972909309866416,0.34299285311131383
Yaounde,25,3,UNet_S2,0.21289161949271423,0.35104805090788754,0.2702336655351293
Yaounde,25,3,UNet_S1S2,0.23727349430649441,0.3835425156981785,0.2778128405606282
Yaounde,25,3,CROMA,0.28945219400701766,0.4489537422981691,0.31661048079167586
Yaounde,25,3,OA_MAE,0.2997330995300089,0.46122253813247366,0.3400421076670196
Yaounde,25,4,UNet_S2,0.18412008093481896,0.31098211051274965,0.20479410396852168
Yaounde,25,4,UNet_S1S2,0.23317713578891575,0.37817297940695677,0.28152052627774
Yaounde,25,4,CROMA,0.2762003493724958,0.43284794508683966,0.3133953637530602
Yaounde,25,4,OA_MAE,0.31006571166259067,0.4733590214632662,0.34310691585703573
Yaounde,25,5,UNet_S2,0.1974623431857734,0.3298013408261962,0.190453264272717
Yaounde,25,5,UNet_S1S2,0.2156802707623858,0.3548305848989832,0.24726137706239792
Yaounde,25,5,CROMA,0.25948159615891186,0.4120450778324393,0.2853833056854129
Yaounde,25,5,OA_MAE,0.31548589443814135,0.4796492243238973,0.33775140814314186
Yaounde,25,6,UNet_S2,0.19750937942093721,0.3298669435331589,0.2307794591514376
Yaounde,25,6,UNet_S1S2,0.22658777108497963,0.3694603458903738,0.27979026115841366
Yaounde,25,6,CROMA,0.27723011599302383,0.4341114612341916,0.2939373754640271
Yaounde,25,6,OA_MAE,0.3001720660918522,0.4617420631011252,0.35167232346613886
Yaounde,25,7,UNet_S2,0.19666787385678214,0.32869249380437443,0.22779543746697228
Yaounde,25,7,UNet_S1S2,0.2289098302140111,0.37254129568504973,0.292458572296377
Yaounde,25,7,CROMA,0.27517019561318207,0.43158191206133534,0.3032451064389825
Yaounde,25,7,OA_MAE,0.3053192467700869,0.4678077757997917,0.3177218730983694
Yaounde,25,8,UNet_S2,0.21700273095746947,0.3566183138911182,0.24612184691246913
Yaounde,25,8,UNet_S1S2,0.26460747259503753,0.41848158947226494,0.2971881947446745
Yaounde,25,8,CROMA,0.305451964886375,0.4679635453503051,0.331189800359299
Yaounde,25,8,OA_MAE,0.3308312799760605,0.4971798979386953,0.3376307181003288
Yaounde,25,9,UNet_S2,0.20228240286011276,0.3364973193966786,0.2598531791425017
Yaounde,25,9,UNet_S1S2,0.24791950412679062,0.3973325255466183,0.3001224309856232
Yaounde,25,9,CROMA,0.27839388103895374,0.43553694235880164,0.3069138864244389
Yaounde,25,9,OA_MAE,0.3232594989214882,0.48858065887296964,0.3555181570162728
Yaounde,50,0,UNet_S2,0.23561513878529342,0.38137302043243265,0.21198415366124118
Yaounde,50,0,UNet_S1S2,0.28531107380650744,0.4439564547772014,0.303843803891402
Yaounde,50,0,CROMA,0.3158428987402194,0.48006171411892046,0.3612292000306742
Yaounde,50,0,OA_MAE,0.34663416558890375,0.514815641020537,0.3963101243459295
Yaounde,50,1,UNet_S2,0.20588733809093876,0.34147027104021604,0.230165057015443
Yaounde,50,1,UNet_S1S2,0.24324428925799566,0.3913057013166269,0.279013455571067
Yaounde,50,1,CROMA,0.27359108350954775,0.4296372470756179,0.2894646048612888
Yaounde,50,1,OA_MAE,0.30914726917801766,0.47228799456935633,0.3405714751241278
Yaounde,50,2,UNet_S2,0.2092761806749876,0.3461180895139684,0.20555417523632757
Yaounde,50,2,UNet_S1S2,0.23016729918130163,0.37420487332817587,0.289940778009547
Yaounde,50,2,CROMA,0.2811931737726181,0.43895515450587835,0.30811600217677065
Yaounde,50,2,OA_MAE,0.31755400297679326,0.48203565434028967,0.3451365982106943
Yaounde,50,3,UNet_S2,0.20787558142561227,0.34420032099707515,0.23380459633987513
Yaounde,50,3,UNet_S1S2,0.2527659749225005,0.403532630965871,0.3074459525609441
Yaounde,50,3,CROMA,0.30820394366409914,0.471186385206671,0.3479803384562866
Yaounde,50,3,OA_MAE,0.3336028399636178,0.5003031336866662,0.3836749115702203
Yaounde,50,4,UNet_S2,0.20036732226592766,0.33384334703096585,0.22368425293501948
Yaounde,50,4,UNet_S1S2,0.2342009512002481,0.3795183450028782,0.2726301660717726
Yaounde,50,4,CROMA,0.2928310791480878,0.45300748701222304,0.2970441038796622
Yaounde,50,4,OA_MAE,0.311196577603466,0.47467570144555166,0.3681108989113093
Yaounde,50,5,UNet_S2,0.21629884939906022,0.35566727618944555,0.24518376696308558
Yaounde,50,5,UNet_S1S2,0.23743201861036725,0.38374959600124575,0.2715637052736055
Yaounde,50,5,CROMA,0.27985391082756667,0.43732164813499735,0.32966987874848624
Yaounde,50,5,OA_MAE,0.3025598298594057,0.46456189254978497,0.35737147286802207
Yaounde,50,6,UNet_S2,0.21691299351334895,0.3564971278465842,0.24610485675574345
Yaounde,50,6,UNet_S1S2,0.22640830654694055,0.36922174342477,0.23996112806808004
Yaounde,50,6,CROMA,0.2799804027120476,0.43747607716308723,0.3219976192151482
Yaounde,50,6,OA_MAE,0.3076859390220496,0.47058078677843995,0.35775654207362095
Yaounde,50,7,UNet_S2,0.21791882712125535,0.357854435400003,0.2532551007432913
Yaounde,50,7,UNet_S1S2,0.24607625328373184,0.39496178927293984,0.2790894956641876
Yaounde,50,7,CROMA,0.2827150989551969,0.4408073143997063,0.3168978149831303
Yaounde,50,7,OA_MAE,0.30590335690531567,0.46849310140412653,0.3364893459728431
Yaounde,50,8,UNet_S2,0.21692182546560895,0.3565090557606066,0.23302646007265987
Yaounde,50,8,UNet_S1S2,0.2536473116210537,0.4046549763554631,0.28816689777433685
Yaounde,50,8,CROMA,0.3006959679037675,0.4623616514908957,0.32354290451290946
Yaounde,50,8,OA_MAE,0.3349703396483524,0.5018393738044962,0.353357813373841
Yaounde,50,9,UNet_S2,0.22345995868966248,0.36529182193913445,0.26214615992935386
Yaounde,50,9,UNet_S1S2,0.25277743177710893,0.4035472309211944,0.27900625817516095
Yaounde,50,9,CROMA,0.3191834468597492,0.48391063065497003,0.3447402700532281
Yaounde,50,9,OA_MAE,0.34957247440836914,0.51804920600743,0.3730772435383473
Garoua,10,0,UNet_S2,0.2249718800267827,0.36730946023326505,0.22818273683194548
Garoua,10,0,UNet_S1S2,0.24606010410677132,0.39494098767114866,0.28439968377874464
Garoua,10,0,CROMA,0.2883496823836006,0.4476264267789771,0.29373601007726685
Garoua,10,0,OA_MAE,0.2963656270800723,0.457225370511566,0.3290112299448399
Garoua,10,1,UNet_S2,0.22357132575604713,0.3654406098768324,0.2548715167854684
Garoua,10,1,UNet_S1S2,0.24943845993012267,0.3992809056703329,0.2715007912531967
Garoua,10,1,CROMA,0.28842438059806075,0.44771642781888366,0.2888196779190361
Garoua,10,1,OA_MAE,0.3107673170984707,0.474176176113986,0.2973523581689566
Garoua,10,2,UNet_S2,0.23147047134044754,0.3759253294778452,0.2680744358006723
Garoua,10,2,UNet_S1S2,0.2652585795217569,0.41929544492323373,0.2605959905324141
Garoua,10,2,CROMA,0.29301950873266197,0.4532329276607151,0.3143617696522506
Garoua,10,2,OA_MAE,0.3358972210824438,0.5028788379547264,0.34626595901158413
Garoua,10,3,UNet_S2,0.21974020655626514,0.36030657245720427,0.255697605639718
Garoua,10,3,UNet_S1S2,0.24943413810453524,0.3992753687408308,0.2751493084096163
Garoua,10,3,CROMA,0.29073205967401633,0.4504917306345405,0.3265421846472375
Garoua,10,3,OA_MAE,0.3183672754088541,0.48297205391437154,0.3702957715054973
Garoua,10,4,UNet_S2,0.20550659212484307,0.3409464427110502,0.2241063001273677
Garoua,10,4,UNet_S1S2,0.24372961487565148,0.39193344270413577,0.25417138180074833
Garoua,10,4,CROMA,0.28203856311528114,0.4399845234451348,0.3018206010431825
Garoua,10,4,OA_MAE,0.3079131567029649,0.4708464856782442,0.34659531046179076
Garoua,10,5,UNet_S2,0.20979401009341786,0.3468260023493057,0.24776277246396428
Garoua,10,5,UNet_S1S2,0.23020475017538292,0.37425436723856575,0.22512760846528002
Garoua,10,5,CROMA,0.27731575894909183,0.43421645275441156,0.2683659128374088
Garoua,10,5,OA_MAE,0.30804317886119104,0.470998486654515,0.3047309472105052
Garoua,10,6,UNet_S2,0.2133540938632154,0.3516765550012103,0.23949157861251383
Garoua,10,6,UNet_S1S2,0.2363193162410372,0.38229495104800826,0.2663122770317262
Garoua,10,6,CROMA,0.28140525016811424,0.439213512089474,0.2688209325665408
Garoua,10,6,OA_MAE,0.3082396396387629,0.47122809965286705,0.3263126620689536
Garoua,10,7,UNet_S2,0.219542293783083,0.3600404756805137,0.2660171957074202
Garoua,10,7,UNet_S1S2,0.25122843253072774,0.40157084989284414,0.2504765332295509
Garoua,10,7,CROMA,0.287043136137034,0.4460505294306965,0.3169465226960268
Garoua,10,7,OA_MAE,0.3138755671324925,0.47778583449499673,0.32546509929039474
Garoua,10,8,UNet_S2,0.22418578632206973,0.36626105094000644,0.2298447133970123
Garoua,10,8,UNet_S1S2,0.2581104719737744,0.41031447988639713,0.3057932433704255
Garoua,10,8,CROMA,0.2904844405452458,0.4501944098179324,0.3054021498049359
Garoua,10,8,OA_MAE,0.32174634547290415,0.4868503651625946,0.33296960710839535
Garoua,10,9,UNet_S2,0.21657604770875008,0.35604193937015377,0.25479969936706165
Garoua,10,9,UNet_S1S2,0.24473908604386346,0.3932375688815465,0.2720682962512772
Garoua,10,9,CROMA,0.27328133315095005,0.42925522590466186,0.307821329173828
Garoua,10,9,OA_MAE,0.30051736390861006,0.46215048295153405,0.31619424018138226
Garoua,25,0,UNet_S2,0.22888058643632894,0.37250256690939715,0.24472199882875859
Garoua,25,0,UNet_S1S2,0.2597696848462226,0.4124082171066565,0.279607656273406
Garoua,25,0,CROMA,0.29692247918586806,0.45788778273356573,0.3185174395415826
Garoua,25,0,OA_MAE,0.3270968150300254,0.49295094574185216,0.37548973843460287
Garoua,25,1,UNet_S2,0.23429888945615826,0.3796469258096671,0.26023457219701196
Garoua,25,1,UNet_S1S2,0.2545032152313058,0.40574342439509875,0.27862928390564656
Garoua,25,1,CROMA,0.3024802506680693,0.46446808005406737,0.31026355341737316
Garoua,25,1,OA_MAE,0.3235036938147602,0.48885952540460126,0.3545523559127029
Garoua,25,2,UNet_S2,0.23324065074281616,0.37825650752321316,0.25876858765840355
Garoua,25,2,UNet_S1S2,0.2625427092798676,0.41589517305060897,0.3067255313836229
Garoua,25,2,CROMA,0.31345960753982455,0.47730376441031186,0.360838596339552
Garoua,25,2,OA_MAE,0.3358960486119033,0.5028775239823856,0.3567134581693675
Garoua,25,3,UNet_S2,0.25178034878130223,0.4022756053431074,0.28879084957417894
Garoua,25,3,UNet_S1S2,0.27040332077905116,0.4256968103849592,0.27164900710856205
Garoua,25,3,CROMA,0.3016447063376777,0.46348240018028986,0.33259193702130274
Garoua,25,3,OA_MAE,0.3263277103084906,0.4920770451709706,0.36185079028407274
Garoua,25,4,UNet_S2,0.2200835658597667,0.36076801953262694,0.2122253651611949
Garoua,25,4,UNet_S1S2,0.24181729885268696,0.3894571271894852,0.26162856263832474
Garoua,25,4,CROMA,0.3019422418247893,0.4638335436472052,0.3033664609362336
Garoua,25,4,OA_MAE,0.31089605568050077,0.4743260220111215,0.3294906053371436
Garoua,25,5,UNet_S2,0.2387150022695925,0.3854236072578684,0.24764942921036256
Garoua,25,5,UNet_S1S2,0.25858846133366137,0.4109182139802053,0.30311999802272827
Garoua,25,5,CROMA,0.29947651186838764,0.4609186993888797,0.3060364292057449
Garoua,25,5,OA_MAE,0.33028716919988643,0.496565218167955,0.35295554595012935
Garoua,25,6,UNet_S2,0.22528053799182668,0.3677207480354665,0.2451164070556477
Garoua,25,6,UNet_S1S2,0.258973336287627,0.41140400487157186,0.30893619049107657
Garoua,25,6,CROMA,0.2827022109728702,0.44079164837246776,0.30365162458790335
Garoua,25,6,OA_MAE,0.3175522931563572,0.48203368444014005,0.3531612579091621
Garoua,25,7,UNet_S2,0.23346984215864203,0.37855784418702376,0.2749055019153632
Garoua,25,7,UNet_S1S2,0.2537904973657823,0.4048371684089119,0.26823400314602824
Garoua,25,7,CROMA,0.2994375250988304,0.4608725226340625,0.3218469693517693
Garoua,25,7,OA_MAE,0.3266140933501573,0.4924025682937594,0.3285027136842339
Garoua,25,8,UNet_S2,0.2337910883236055,0.3789800243107049,0.28880052707421755
Garoua,25,8,UNet_S1S2,0.26721667282164835,0.4217379372489636,0.30196530893378826
Garoua,25,8,CROMA,0.3137135833481523,0.47759814212869234,0.3431034269093853
Garoua,25,8,OA_MAE,0.3269818374507189,0.4928203660705526,0.31769864202843934
Garoua,25,9,UNet_S2,0.2454334091848409,0.39413333121596855,0.229682490653846
Garoua,25,9,UNet_S1S2,0.28047419243502775,0.43807863382495965,0.2821873839266089
Garoua,25,9,CROMA,0.32030923816294754,0.48520335828085176,0.3323724666122797
Garoua,25,9,OA_MAE,0.35466847979740806,0.5236240232746082,0.402856040977035
Garoua,50,0,UNet_S2,0.26920720165773937,0.4242131644165302,0.30689719130867976
Garoua,50,0,UNet_S1S2,0.28712182551388465,0.4461455315610874,0.3205285761116291
Garoua,50,0,CROMA,0.3572094256694858,0.5263880708657489,0.3754638444181656
Garoua,50,0,OA_MAE,0.3566899095401684,0.525823781885521,0.4015727612728033
Garoua,50,1,UNet_S2,0.24554798251055698,0.3942810489173198,0.2994368058793703
Garoua,50,1,UNet_S1S2,0.2793617545349633,0.4367205030863359,0.3040385079772348
Garoua,50,1,CROMA,0.3071921786137566,0.47000308545224917,0.3263526554387203
Garoua,50,1,OA_MAE,0.3415879506989499,0.5092293062426314,0.41306640101309006
Garoua,50,2,UNet_S2,0.24210247816471955,0.3898268982160641,0.29273773745907716
Garoua,50,2,UNet_S1S2,0.26989582307155313,0.4250676601467106,0.2891151838029503
Garoua,50,2,CROMA,0.3007622487802371,0.46244000248665074,0.33796456470983005
Garoua,50,2,OA_MAE,0.3424661225379295,0.5102044912544951,0.3419618622806203
Garoua,50,3,UNet_S2,0.2583228896299915,0.4105828349128276,0.28414080686096077
Garoua,50,3,UNet_S1S2,0.2954065618916969,0.456083164285213,0.327697338985467
Garoua,50,3,CROMA,0.33813094657605564,0.505377963855105,0.3669540852948518
Garoua,50,3,OA_MAE,0.3672656754370325,0.537226498163409,0.37612418052593277
Garoua,50,4,UNet_S2,0.2512035396604387,0.4015390489202296,0.29605655999137787
Garoua,50,4,UNet_S1S2,0.2895003215303993,0.44901163139969713,0.2777553750941248
Garoua,50,4,CROMA,0.3289549013868974,0.4950580355188879,0.35649217372800546
Garoua,50,4,OA_MAE,0.3568955504475713,0.5260471969708347,0.38421143633910004
Garoua,50,5,UNet_S2,0.2600010575781578,0.4126997449953012,0.30681956874409294
Garoua,50,5,UNet_S1S2,0.2772542679933725,0.43414107111022177,0.3437244178524424
Garoua,50,5,CROMA,0.3202098803159834,0.48508935600352165,0.3220850442483069
Garoua,50,5,OA_MAE,0.3482995312055518,0.5166500812977775,0.4093172708162269
Garoua,50,6,UNet_S2,0.24300130121811367,0.3909912258015785,0.2745797327940846
Garoua,50,6,UNet_S1S2,0.29481244359811726,0.4553747456718463,0.29888944590151295
Garoua,50,6,CROMA,0.31674248407382083,0.48110012079789966,0.32107413990744516
Garoua,50,6,OA_MAE,0.33982077450570153,0.5072630324471139,0.35650076825920035
Garoua,50,7,UNet_S2,0.28263895107019354,0.44071474803469596,0.27951686473343645
Garoua,50,7,UNet_S1S2,0.3001490826314979,0.4617148704577741,0.31046764369756874
Garoua,50,7,CROMA,0.3545836611157884,0.523531578438962,0.37790397489237404
Garoua,50,7,OA_MAE,0.37599590305068087,0.5465073002282509,0.387586670312567
Garoua,50,8,UNet_S2,0.24086231071052264,0.38821762677698535,0.24971983979369958
Garoua,50,8,UNet_S1S2,0.2594168353415044,0.41196342316824874,0.3028099950676964
Garoua,50,8,CROMA,0.3117778591303846,0.47535161073243165,0.3479025645440322
Garoua,50,8,OA_MAE,0.32203045692012233,0.4871755491478507,0.34087565716205614
Garoua,50,9,UNet_S2,0.26743415674729043,0.4220087573363596,0.28803493299975313
Garoua,50,9,UNet_S1S2,0.29121558126258407,0.45107197510399605,0.33400606348409856
Garoua,50,9,CROMA,0.34698224793569393,0.51519943706379,0.36468470692289473
Garoua,50,9,OA_MAE,0.36854704020470497,0.5385960867659738,0.40862989558901935
Dakar,10,0,UNet_S2,0.21903964522603117,0.35936426855980946,0.24787917894232878
Dakar,10,0,UNet_S1S2,0.24331343686915585,0.3913951698002307,0.26856827109417675
Dakar,10,0,CROMA,0.29787020099543965,0.4590138532604868,0.3554851764994498
Dakar,10,0,OA_MAE,0.3065255081224065,0.4692223859646046,0.30128479337011316
Dakar,10,1,UNet_S2,0.25221667264452036,0.40283231832694133,0.26110306044367054
Dakar,10,1,UNet_S1S2,0.2704604229564142,0.4257675690944257,0.31789979552875375
Dakar,10,1,CROMA,0.3144255331451238,0.47842274091066145,0.3423672844570457
Dakar,10,1,OA_MAE,0.32840282460332054,0.49443259005623713,0.34276468033719426
Dakar,10,2,UNet_S2,0.2391622055719393,0.3860062944084922,0.2538959401820143
Dakar,10,2,UNet_S1S2,0.2805767237337194,0.43820369140500165,0.3551481192548283
Dakar,10,2,CROMA,0.325742465521249,0.49141137738719887,0.32627043514659676
Dakar,10,2,OA_MAE,0.3194807858078952,0.48425227444639546,0.31913045307912086
Dakar,10,3,UNet_S2,0.241623824107951,0.38920616601658153,0.27074950540676695
Dakar,10,3,UNet_S1S2,0.2882656870261443,0.4475252114982306,0.2963482741037425
Dakar,10,3,CROMA,0.3226639707649395,0.4879001437959068,0.3382418117450685
Dakar,10,3,OA_MAE,0.34165759350120856,0.5093066892121322,0.36438627488221303
Dakar,10,4,UNet_S2,0.22681759178050437,0.3697657961544545,0.2655746765427795
Dakar,10,4,UNet_S1S2,0.26223734632594015,0.41551194327952345,0.2862923266417803
Dakar,10,4,CROMA,0.28869756061249435,0.44804548318580145,0.35703585124168485
Dakar,10,4,OA_MAE,0.3143086806873187,0.47828746063360206,0.33741396275946556
Dakar,10,5,UNet_S2,0.2512218608863661,0.4015624546527671,0.26258926031227087
Dakar,10,5,UNet_S1S2,0.26413401055889235,0.417889255969175,0.2927048605780684
Dakar,10,5,CROMA,0.3070820240808812,0.46987414473367317,0.3193455994423244
Dakar,10,5,OA_MAE,0.32017018677887205,0.4850438072080178,0.3158478521448956
Dakar,10,6,UNet_S2,0.2414415926740338,0.3889697173009561,0.2536012835366903
Dakar,10,6,UNet_S1S2,0.26090726389079605,0.4138405279476486,0.2679085202275065
Dakar,10,6,CROMA,0.2796308890183529,0.4370492951023822,0.28839598570138075
Dakar,10,6,OA_MAE,0.33060718146798745,0.496926795635127,0.34265942356872653
Dakar,10,7,UNet_S2,0.22685669378199727,0.3698177544806352,0.24189906572157094
Dakar,10,7,UNet_S1S2,0.2497522068318747,0.39968276185724405,0.2902735309793011
Dakar,10,7,CROMA,0.30373841905687426,0.46594993998351136,0.31046536856290324
Dakar,10,7,OA_MAE,0.30673979613037394,0.4694734132054709,0.3469068508722718
Dakar,10,8,UNet_S2,0.2386886896692347,0.3853893099370616,0.2736032016484722
Dakar,10,8,UNet_S1S2,0.26808503419317375,0.42281870216021333,0.3090508231465465
Dakar,10,8,CROMA,0.31926719525492936,0.4840068735177419,0.32935979047198993
Dakar,10,8,OA_MAE,0.33116782568933634,0.497559840762893,0.37688852084305685
Dakar,10,9,UNet_S2,0.2417262891739034,0.3893390858861807,0.26023969557767984
Dakar,10,9,UNet_S1S2,0.2676942477147229,0.42233251148263284,0.2676685650497084
Dakar,10,9,CROMA,0.3068529946377246,0.46960598613126786,0.319957978871856
Dakar,10,9,OA_MAE,0.3260375379422235,0.49174707142631313,0.35948331381649223
Dakar,25,0,UNet_S2,0.2688052526482966,0.42371396569684194,0.27138056588602294
Dakar,25,0,UNet_S1S2,0.29871100347922147,0.46001150783966643,0.35210234549259994
Dakar,25,0,CROMA,0.33114486568743345,0.49753392620633025,0.3714076900308347
Dakar,25,0,OA_MAE,0.3519208464237388,0.5206234482657494,0.4020415780188072
Dakar,25,1,UNet_S2,0.2594824667237677,0.41204617544021427,0.28840702714102
Dakar,25,1,UNet_S1S2,0.3009570269091418,0.46267020460186264,0.3471075665664349
Dakar,25,1,CROMA,0.33060641519298295,0.4969259300392503,0.35795844775110924
Dakar,25,1,OA_MAE,0.362055056131798,0.5316305746994181,0.3721031925710321
Dakar,25,2,UNet_S2,0.2694355344560656,0.42449660048552956,0.2933101031179153
Dakar,25,2,UNet_S1S2,0.30003142913207576,0.46157565487840874,0.32112388104940814
Dakar,25,2,CROMA,0.3379924149369081,0.5052232152644092,0.3539905702513734
Dakar,25,2,OA_MAE,0.3763128740240162,0.5468420460585616,0.4097535994966746
Dakar,25,3,UNet_S2,0.27344982359859726,0.4294630515175934,0.30159908474197106
Dakar,25,3,UNet_S1S2,0.3150600935927557,0.4791569527929462,0.3090928001964307
Dakar,25,3,CROMA,0.3521828065620771,0.5209100498141984,0.3940480125273862
Dakar,25,3,OA_MAE,0.3683797905083723,0.5384174672318334,0.38402158566923233
Dakar,25,4,UNet_S2,0.2521287726318222,0.4027201964249703,0.2785081981879157
Dakar,25,4,UNet_S1S2,0.27954422781948085,0.43694343929926144,0.3147980869801147
Dakar,25,4,CROMA,0.3175174619163383,0.4819935539290795,0.33361655147495495
Dakar,25,4,OA_MAE,0.3472045594548707,0.5154444542488227,0.3284276573131212
Dakar,25,5,UNet_S2,0.24932440580174522,0.39913477179170775,0.32233570262908456
Dakar,25,5,UNet_S1S2,0.2646435788754229,0.4185267427060448,0.2676960011326665
Dakar,25,5,CROMA,0.32874217230540226,0.4948170971875244,0.34562961087623506
Dakar,25,5,OA_MAE,0.3395144934721673,0.5069217169753928,0.36878078004599585
Dakar,25,6,UNet_S2,0.2529138004368989,0.4037209907795831,0.3164949533976858
Dakar,25,6,UNet_S1S2,0.28621656873512463,0.4450519075750863,0.30462196688543586
Dakar,25,6,CROMA,0.32314320243258077,0.4884478140211677,0.35076427958020795
Dakar,25,6,OA_MAE,0.3395187089754519,0.5069264157350025,0.3995761007099006
Dakar,25,7,UNet_S2,0.23869417731493991,0.38539646296286995,0.27337601394925715
Dakar,25,7,UNet_S1S2,0.27817261814147703,0.4352661200737551,0.3038386515164493
Dakar,25,7,CROMA,0.3101990739276902,0.4735144148709879,0.31649371737848536
Dakar,25,7,OA_MAE,0.33787215816284627,0.5050888548675819,0.36043208301675245
Dakar,25,8,UNet_S2,0.26222526399776014,0.4154967761732671,0.2813092323854244
Dakar,25,8,UNet_S1S2,0.28781410569821164,0.44698082498819663,0.31805252106642484
Dakar,25,8,CROMA,0.35952010361929215,0.5288926624360811,0.3997053747979369
Dakar,25,8,OA_MAE,0.3630233340285187,0.5326736893866311,0.35990423248508147
Dakar,25,9,UNet_S2,0.2745868708897458,0.4308641131664349,0.2971054924493789
Dakar,25,9,UNet_S1S2,0.3033776541834885,0.46552532676884334,0.3159731034557736
Dakar,25,9,CROMA,0.3448704587548204,0.5128679219768524,0.34931867782615844
Dakar,25,9,OA_MAE,0.3678525422305016,0.5378540900770772,0.4315923514172711
Dakar,50,0,UNet_S2,0.27872827590070093,0.43594605852345353,0.30948719918488166
Dakar,50,0,UNet_S1S2,0.30704790300484763,0.4698342001069089,0.34864012287632584
Dakar,50,0,CROMA,0.35301226245293715,0.5218167968602816,0.3715133103549964
Dakar,50,0,OA_MAE,0.3639029968681494,0.5336200561238719,0.3619007395438823
Dakar,50,1,UNet_S2,0.2918123358426023,0.4517875046490614,0.32766952722653137
Dakar,50,1,UNet_S1S2,0.31458651250220654,0.47860906758189264,0.3362950082154332
Dakar,50,1,CROMA,0.35670376348829513,0.5258388354008168,0.38921088592043285
Dakar,50,1,OA_MAE,0.37790196125956554,0.5485179234582385,0.40101166384603376
Dakar,50,2,UNet_S2,0.28857798647905886,0.44790146891702876,0.32290461236768975
Dakar,50,2,UNet_S1S2,0.32111870053582114,0.4861314890260525,0.36023683491037456
Dakar,50,2,CROMA,0.366047399659801,0.5359219595908035,0.3801639189517995
Dakar,50,2,OA_MAE,0.386785105256117,0.5578154881966143,0.4174806694392685
Dakar,50,3,UNet_S2,0.277144688759324,0.4340067201446922,0.3106774687582293
Dakar,50,3,UNet_S1S2,0.30981704001410837,0.47306918531273845,0.33320206173506733
Dakar,50,3,CROMA,0.346252850377367,0.5143949745849142,0.37610463398957744
Dakar,50,3,OA_MAE,0.36897484790251356,0.5390527787531546,0.379357410540658
Dakar,50,4,UNet_S2,0.2972628870246826,0.45829244017990123,0.31662099566576984
Dakar,50,4,UNet_S1S2,0.31356333656357543,0.4774240081698553,0.34138743915403197
Dakar,50,4,CROMA,0.3696340903188124,0.5397559726813925,0.3966762062731017
Dakar,50,4,OA_MAE,0.38025739695521427,0.5509949054343704,0.4270311058059957
Dakar,50,5,UNet_S2,0.28971867650910316,0.44927422047308513,0.32171495851880716
Dakar,50,5,UNet_S1S2,0.3197504523214874,0.4845619893655428,0.36675552099044656
Dakar,50,5,CROMA,0.3867810103058227,0.5578112296483307,0.4281675336351135
Dakar,50,5,OA_MAE,0.39002777377587794,0.561179828394946,0.4174237947966327
Dakar,50,6,UNet_S2,0.28022798841307417,0.4377782566063643,0.29696119421086614
Dakar,50,6,UNet_S1S2,0.30776045219647746,0.4706679295578509,0.34530593575542945
Dakar,50,6,CROMA,0.3553015046820429,0.5243135987890717,0.4145968135954714
Dakar,50,6,OA_MAE,0.3867407955635561,0.557769406944416,0.39845894050852304
Dakar,50,7,UNet_S2,0.27074098751831277,0.4261151409730711,0.2908413429854743
Dakar,50,7,UNet_S1S2,0.31165918525157904,0.47521366640954393,0.33664670507753014
Dakar,50,7,CROMA,0.3463820162683519,0.5145374969110005,0.3923669757760741
Dakar,50,7,OA_MAE,0.3827970194125994,0.553656124562965,0.4156627482804896
Dakar,50,8,UNet_S2,0.2893578061206577,0.4488401974177519,0.316373391068912
Dakar,50,8,UNet_S1S2,0.32508896695197054,0.4906673816774052,0.3359432529675539
Dakar,50,8,CROMA,0.38391196640139547,0.5548213697431735,0.4076670445958984
Dakar,50,8,OA_MAE,0.3933830248158902,0.5646444915860354,0.3956797690629236
Dakar,50,9,UNet_S2,0.2815176071397402,0.43935035394178984,0.2665354430975577
Dakar,50,9,UNet_S1S2,0.32121701264106867,0.4862441363799374,0.3390473082779319
Dakar,50,9,CROMA,0.3630888958893752,0.532744264859513,0.3759117458342004
Dakar,50,9,OA_MAE,0.3900483546308578,0.561201131358397,0.424589711263089
Kigali,10,0,UNet_S2,0.21344063497700627,0.3517941114293585,0.2742407965423478
Kigali,10,0,UNet_S1S2,0.22803648863407272,0.37138389737541827,0.23480611792680187
Kigali,10,0,CROMA,0.2753742324062017,0.43183283056717126,0.32616325388059486
Kigali,10,0,OA_MAE,0.31146034830689706,0.47498248606447646,0.3390117605760359
Kigali,10,1,UNet_S2,0.19421195979494627,0.32525542589322864,0.2282822005614067
Kigali,10,1,UNet_S1S2,0.24353309889358826,0.3916793193687688,0.2905097622335159
Kigali,10,1,CROMA,0.2718731247810619,0.427516109089673,0.30913309755187823
Kigali,10,1,OA_MAE,0.3011295238459206,0.4628740157333949,0.3087872631569224
Kigali,10,2,UNet_S2,0.20443642299016707,0.3394723359206085,0.22153361287304416
Kigali,10,2,UNet_S1S2,0.23944639660118947,0.3863763648961335,0.279848753887664
Kigali,10,2,CROMA,0.2780126206336921,0.43507022723428473,0.3262021530920815
Kigali,10,2,OA_MAE,0.30762525083898123,0.47050980491789496,0.34630014145009347
Kigali,10,3,UNet_S2,0.18946390291764761,0.31857024404508577,0.21803849603737743
Kigali,10,3,UNet_S1S2,0.22254823822722897,0.3640727314775534,0.23409517497609547
Kigali,10,3,CROMA,0.2660915804361414,0.4203354394703084,0.2970041585453689
Kigali,10,3,OA_MAE,0.287312762379688,0.44637600243870834,0.3087542955231412
Kigali,10,4,UNet_S2,0.18373747539858254,0.3104361891334315,0.2285195857889398
Kigali,10,4,UNet_S1S2,0.22762821841730213,0.3708422713038769,0.24326279224208547
Kigali,10,4,CROMA,0.26322500856646497,0.41675078751833516,0.31475600342625176
Kigali,10,4,OA_MAE,0.2909752498797301,0.45078362254712157,0.29695130903085676
Kigali,10,5,UNet_S2,0.20132664580975673,0.33517386218309025,0.23260667935112683
Kigali,10,5,UNet_S1S2,0.23080067525032083,0.3750415154807751,0.25441597921000797
Kigali,10,5,CROMA,0.28145395944060325,0.43927283905458003,0.2964897640051829
Kigali,10,5,OA_MAE,0.312756943205412,0.47648872828162786,0.3548912057377763
Kigali,10,6,UNet_S2,0.18866850311088057,0.31744511210167287,0.22199946029145912
Kigali,10,6,UNet_S1S2,0.22043053958494388,0.36123406033400324,0.27123666586867845
Kigali,10,6,CROMA,0.26272309538791755,0.4161214700950839,0.26441546357052803
Kigali,10,6,OA_MAE,0.2835059136993234,0.44176798980567533,0.3269226225801483
Kigali,10,7,UNet_S2,0.1929543955268192,0.3234899779075106,0.24634892093762809
Kigali,10,7,UNet_S1S2,0.2270944119168038,0.37013356056616226,0.2513905959159793
Kigali,10,7,CROMA,0.27236100786108886,0.4281190734050287,0.2576050241720004
Kigali,10,7,OA_MAE,0.29298394105460757,0.4531903788621513,0.31402910040300624
Kigali,10,8,UNet_S2,0.17753023455250988,0.3015298110285477,0.1944884611388352
Kigali,10,8,UNet_S1S2,0.2211575986113074,0.362209757139957,0.2609189700133171
Kigali,10,8,CROMA,0.25582438560101983,0.40742063704804693,0.3096047511311185
Kigali,10,8,OA_MAE,0.27918548567574014,0.43650508671658067,0.29948142500429203
Kigali,10,9,UNet_S2,0.2031075696761468,0.33763825412688475,0.24741771590555606
Kigali,10,9,UNet_S1S2,0.23427586920113996,0.37961670489883315,0.23819019951375456
Kigali,10,9,CROMA,0.2878452131839088,0.4470183376654031,0.3397595167887752
Kigali,10,9,OA_MAE,0.3066594084839476,0.46937925291449806,0.3183181610888628
Kigali,25,0,UNet_S2,0.21726493632501898,0.35697230708205924,0.2588772062482726
Kigali,25,0,UNet_S1S2,0.2606390844791001,0.4135030996390168,0.2844613770531119
Kigali,25,0,CROMA,0.31611036308523277,0.48037060105537843,0.335072583237618
Kigali,25,0,OA_MAE,0.32403010626574485,0.489460329840429,0.37423701071951143
Kigali,25,1,UNet_S2,0.20842698703874823,0.3449558629098458,0.21300850462994253
Kigali,25,1,UNet_S1S2,0.23885349814328752,0.38560410654087107,0.23970053764172683
Kigali,25,1,CROMA,0.2831979327704649,0.4413939978207908,0.3141776307321924
Kigali,25,1,OA_MAE,0.3096672991303592,0.47289460359281077,0.3293986153092482
Kigali,25,2,UNet_S2,0.21525413906791402,0.3542537024115984,0.23469741887043985
Kigali,25,2,UNet_S1S2,0.2414464447361694,0.3889760138424357,0.30430045297160974
Kigali,25,2,CROMA,0.28522979363151235,0.44385804786796046,0.2910414994496456
Kigali,25,2,OA_MAE,0.3156041622128219,0.47978589803483374,0.3423442606626095
Kigali,25,3,UNet_S2,0.22226445117855118,0.36369289962452206,0.2481820435327976
Kigali,25,3,UNet_S1S2,0.2590058977717588,0.41144509049585587,0.23968107491243018
Kigali,25,3,CROMA,0.30058653332842383,0.46223227078812107,0.3185909037745673
Kigali,25,3,OA_MAE,0.3246945230375208,0.4902179595232222,0.35961773627557625
Kigali,25,4,UNet_S2,0.23276500274371686,0.37763077671033957,0.2665538428262163
Kigali,25,4,UNet_S1S2,0.2657592206283859,0.4199206552039966,0.27921818861147596
Kigali,25,4,CROMA,0.3024313089142671,0.4644103790262535,0.3316874135128264
Kigali,25,4,OA_MAE,0.3421181570951666,0.5098182381134536,0.37451738817805397
Kigali,25,5,UNet_S2,0.20728368245087797,0.3433885265972887,0.2551358487181332
Kigali,25,5,UNet_S1S2,0.24385924570461018,0.3921010299947097,0.26496822622862387
Kigali,25,5,CROMA,0.2890922928843034,0.4485207063607036,0.345923228583579
Kigali,25,5,OA_MAE,0.3169584487566061,0.48134920134474923,0.3600766870688566
Kigali,25,6,UNet_S2,0.21449756846843052,0.353228485650947,0.25964821468232147
Kigali,25,6,UNet_S1S2,0.24326308422327936,0.3913300206693685,0.28167961942242026
Kigali,25,6,CROMA,0.2952796225248194,0.4559318580944655,0.32485998997625315
Kigali,25,6,OA_MAE,0.3111431215582865,0.4746135131128852,0.31360041123263066
Kigali,25,7,UNet_S2,0.2240712394390095,0.36610816792281,0.25110137633198054
Kigali,25,7,UNet_S1S2,0.24545320919301786,0.39415886101744024,0.2836389317836925
Kigali,25,7,CROMA,0.29767280100127835,0.4587794408137327,0.3058213385698867
Kigali,25,7,OA_MAE,0.3256924334734893,0.4913544427799624,0.3440502430277863
Kigali,25,8,UNet_S2,0.2025852413420661,0.3369162274367914,0.2302736382602614
Kigali,25,8,UNet_S1S2,0.23395038948803823,0.3791892955844091,0.2764078730454042
Kigali,25,8,CROMA,0.27489833815422166,0.4312474648797727,0.2882261262478147
Kigali,25,8,OA_MAE,0.30716098808804654,0.4699665777775753,0.34525929129091737
Kigali,25,9,UNet_S2,0.2189243704305341,0.3592091121341814,0.2553070654559804
Kigali,25,9,UNet_S1S2,0.2469329859270499,0.39606456596136014,0.28883158267864983
Kigali,25,9,CROMA,0.30296837594366566,0.46504332958080113,0.3416672988132279
Kigali,25,9,OA_MAE,0.3108682952353204,0.4742937125953068,0.3101414868305959
Kigali,50,0,UNet_S2,0.23039036382809955,0.37449962321110614,0.2776571386939957
Kigali,50,0,UNet_S1S2,0.26116289260011444,0.4141620311420361,0.2852876115433054
Kigali,50,0,CROMA,0.3089501825516596,0.47205796931002214,0.32163460556969753
Kigali,50,0,OA_MAE,0.33046790294884026,0.4967694481263222,0.33896935651636234
Kigali,50,1,UNet_S2,0.21917977109291845,0.35955283427387824,0.24553905110637236
Kigali,50,1,UNet_S1S2,0.24465832632947102,0.39313331402518253,0.24992268622635178
Kigali,50,1,CROMA,0.300883835789284,0.4625837104152025,0.32371978126342615
Kigali,50,1,OA_MAE,0.31560873635601977,0.47979118355537004,0.31724703990549696
Kigali,50,2,UNet_S2,0.22408884390286807,0.36613166604539304,0.27181772882665617
Kigali,50,2,UNet_S1S2,0.2579244087326318,0.4100793448987806,0.27683818862549475
Kigali,50,2,CROMA,0.3126445796872779,0.4763583143911839,0.3200744473535647
Kigali,50,2,OA_MAE,0.3397041442224552,0.5071330796242548,0.35131101930167413
Kigali,50,3,UNet_S2,0.2585652366977994,0.4108888902353892,0.295633193783797
Kigali,50,3,UNet_S1S2,0.28337336528077856,0.44160705363989167,0.3286984399457506
Kigali,50,3,CROMA,0.33330881939062557,0.49997242130740693,0.32432640949450225
Kigali,50,3,OA_MAE,0.3498204830536629,0.5183214915546005,0.3764596977359517
Kigali,50,4,UNet_S2,0.2342549615364511,0.3795892564123719,0.24774739377031835
Kigali,50,4,UNet_S1S2,0.28323154182484805,0.4414348191941609,0.32817300287848594
Kigali,50,4,CROMA,0.32495512409672905,0.4905149135798286,0.31895754841827967
Kigali,50,4,OA_MAE,0.3482149511048699,0.516557023521369,0.3514105919161187
Kigali,50,5,UNet_S2,0.22518399157855445,0.36759212187946133,0.22818967715150434
Kigali,50,5,UNet_S1S2,0.2701297464165636,0.4253577198371817,0.28491809680429175
Kigali,50,5,CROMA,0.32243994299145856,0.48764398670850057,0.3576370023531089
Kigali,50,5,OA_MAE,0.359569685445101,0.5289463119021866,0.397314910670761
Kigali,50,6,UNet_S2,0.22852376495366739,0.3720298645786245,0.2617755749949154
Kigali,50,6,UNet_S1S2,0.2625596373587166,0.4159164123256675,0.3039791817666057
Kigali,50,6,CROMA,0.30021885105610346,0.4617974132773887,0.3131195481640949
Kigali,50,6,OA_MAE,0.335960737814455,0.5029500168755932,0.36793107101401135
Kigali,50,7,UNet_S2,0.22958270967354144,0.37343190965087086,0.24239253175261607
Kigali,50,7,UNet_S1S2,0.26347941857512613,0.41706958530794574,0.26252881997783256
Kigali,50,7,CROMA,0.31227395559405746,0.4759279939419253,0.3524391852564687
Kigali,50,7,OA_MAE,0.3297755516418358,0.49598678699525095,0.3543509112804958
Kigali,50,8,UNet_S2,0.2248380143133069,0.3671310192627555,0.26809988290549125
Kigali,50,8,UNet_S1S2,0.2628252947228706,0.4162496519845971,0.26874926912641117
Kigali,50,8,CROMA,0.31700283914294153,0.48140038839891286,0.33624263006194266
Kigali,50,8,OA_MAE,0.3313973588311261,0.49781886171393613,0.35564148815946744
Kigali,50,9,UNet_S2,0.24311071389194638,0.3911328430768847,0.2701520139311713
Kigali,50,9,UNet_S1S2,0.2704888934794747,0.42580284623927656,0.3282732127172946
Kigali,50,9,CROMA,0.3294579020376942,0.4956274305981794,0.3437345313735118
Kigali,50,9,OA_MAE,0.34485860689588443,0.5128548163020121,0.38357888191231065
Dar_es_Salaam,10,0,UNet_S2,0.19306398298917574,0.3236439717264138,0.23902366651488596
Dar_es_Salaam,10,0,UNet_S1S2,0.2316755026606467,0.3761956816713246,0.25383577513192895
Dar_es_Salaam,10,0,CROMA,0.2697882811214608,0.4249342746858354,0.2924486381021167
Dar_es_Salaam,10,0,OA_MAE,0.2950192952971018,0.45562146659663294,0.29580037557576017
Dar_es_Salaam,10,1,UNet_S2,0.18128280987233417,0.3069253329639599,0.1962516692583131
Dar_es_Salaam,10,1,UNet_S1S2,0.20047774558215858,0.3339966048015977,0.24609918754581486
Dar_es_Salaam,10,1,CROMA,0.24204894038454666,0.38975749266306153,0.26371912880763604
Dar_es_Salaam,10,1,OA_MAE,0.257520164754318,0.4095682470501454,0.2701877152075082
Dar_es_Salaam,10,2,UNet_S2,0.18274280362008538,0.30901528728097866,0.20486285139400892
Dar_es_Salaam,10,2,UNet_S1S2,0.2092844541098906,0.3461294047047634,0.2719309753439319
Dar_es_Salaam,10,2,CROMA,0.26027961519451454,0.41305058346808593,0.30057864432525633
Dar_es_Salaam,10,2,OA_MAE,0.2935165506187593,0.45382728265572536,0.30772072607238043
Dar_es_Salaam,10,3,UNet_S2,0.16679402794514175,0.2859014083897656,0.21082780021171338
Dar_es_Salaam,10,3,UNet_S1S2,0.19412806669734917,0.32513776723171317,0.21735554680840063
Dar_es_Salaam,10,3,CROMA,0.23894502183169403,0.3857233656396318,0.26312685886774834
Dar_es_Salaam,10,3,OA_MAE,0.25534528956890573,0.40681283737734514,0.30611907710876024
Dar_es_Salaam,10,4,UNet_S2,0.16403415034943028,0.2818373503907751,0.20436029051875607
Dar_es_Salaam,10,4,UNet_S1S2,0.19767442427025972,0.33009709527813,0.2131704838269618
Dar_es_Salaam,10,4,CROMA,0.2432750075458297,0.39134544822234285,0.27828250141751054
Dar_es_Salaam,10,4,OA_MAE,0.24817160642084202,0.3976562279484617,0.3031669417313163
Dar_es_Salaam,10,5,UNet_S2,0.18191338837593748,0.3078286279943135,0.22999961108123979
Dar_es_Salaam,10,5,UNet_S1S2,0.21364097004807878,0.3520661799009889,0.23434880402240538
Dar_es_Salaam,10,5,CROMA,0.2503701469026983,0.4004736477800469,0.25764449847312
Dar_es_Salaam,10,5,OA_MAE,0.2758522866259412,0.4324204134248913,0.2778735452869536
Dar_es_Salaam,10,6,UNet_S2,0.16837280726335027,0.2882176069429852,0.2208257089198183
Dar_es_Salaam,10,6,UNet_S1S2,0.21444077543567444,0.35315147477446135,0.21473830404178693
Dar_es_Salaam,10,6,CROMA,0.2430517708000575,0.3910565537324703,0.27727316949127595
Dar_es_Salaam,10,6,OA_MAE,0.26772554527947284,0.42237146088343935,0.2815991566898537
Dar_es_Salaam,10,7,UNet_S2,0.17412807835181254,0.29660831993089815,0.18050557020928049
Dar_es_Salaam,10,7,UNet_S1S2,0.21004288950719224,0.3471660241609044,0.22739955964272066
Dar_es_Salaam,10,7,CROMA,0.25105648630195126,0.4013511604804661,0.3000776885365571
Dar_es_Salaam,10,7,OA_MAE,0.27692996840133843,0.43374339275323437,0.3310146504209655
Dar_es_Salaam,10,8,UNet_S2,0.1834212659817456,0.30998473874741894,0.20773838026551694
Dar_es_Salaam,10,8,UNet_S1S2,0.21519209728900496,0.3541696786361285,0.2183325955596553
Dar_es_Salaam,10,8,CROMA,0.26452657367118854,0.41838041078600957,0.2943701420977918
Dar_es_Salaam,10,8,OA_MAE,0.282546365712906,0.44060218525644024,0.29301563787948975
Dar_es_Salaam,10,9,UNet_S2,0.1746499663495158,0.29736512382881025,0.19881309880639128
Dar_es_Salaam,10,9,UNet_S1S2,0.20029453347480228,0.3337423072234746,0.22350719592725626
Dar_es_Salaam,10,9,CROMA,0.25011932753676186,0.40015272466764845,0.30280981290460796
Dar_es_Salaam,10,9,OA_MAE,0.2736510538141119,0.4297111881541316,0.3141853591827191
Dar_es_Salaam,25,0,UNet_S2,0.17492075410353847,0.2977575355488593,0.20692506882593367
Dar_es_Salaam,25,0,UNet_S1S2,0.22099294543412554,0.3619888980694335,0.24614367880700563
Dar_es_Salaam,25,0,CROMA,0.2633437739507645,0.416899626816901,0.29726376401411375
Dar_es_Salaam,25,0,OA_MAE,0.2931081207128892,0.4533389219631519,0.3194313654701254
Dar_es_Salaam,25,1,UNet_S2,0.18303924320259712,0.3094390050952036,0.214729543738001
Dar_es_Salaam,25,1,UNet_S1S2,0.21414029655799718,0.3527439080394085,0.2008560033344957
Dar_es_Salaam,25,1,CROMA,0.257927995096276,0.41008387777638317,0.3091969295880419
Dar_es_Salaam,25,1,OA_MAE,0.290093286089751,0.44972451096000726,0.30239696959336504
Dar_es_Salaam,25,2,UNet_S2,0.2039171821250297,0.3387561622222158,0.22036146653172806
Dar_es_Salaam,25,2,UNet_S1S2,0.2361761731189842,0.38210762875827053,0.27582906258070183
Dar_es_Salaam,25,2,CROMA,0.27947299454368985,0.436856417814994,0.29313276426122103
Dar_es_Salaam,25,2,OA_MAE,0.31032242460697435,0.47365811464312574,0.3321635925981659
Dar_es_Salaam,25,3,UNet_S2,0.19067869354917683,0.32028572373425357,0.21513716699857272
Dar_es_Salaam,25,3,UNet_S1S2,0.2105078077889924,0.3478008261235217,0.22508670170604717
Dar_es_Salaam,25,3,CROMA,0.2599767649353321,0.412669141480042,0.30296790106009985
Dar_es_Salaam,25,3,OA_MAE,0.2900922247913306,0.4497232356210074,0.29585238526296775
Dar_es_Salaam,25,4,UNet_S2,0.19449207546545907,0.32564816370116334,0.2273203290489277
Dar_es_Salaam,25,4,UNet_S1S2,0.22820574068475152,0.371608327701712,0.2522910046081812
Dar_es_Salaam,25,4,CROMA,0.27816008372951107,0.4352507753455651,0.28725444056343785
Dar_es_Salaam,25,4,OA_MAE,0.3038331513430148,0.46606139908323563,0.3286623940434441
Dar_es_Salaam,25,5,UNet_S2,0.18675955582756365,0.31473865942007184,0.18169271627919853
Dar_es_Salaam,25,5,UNet_S1S2,0.20904824399619448,0.345806290252306,0.22134608694091615
Dar_es_Salaam,25,5,CROMA,0.2557715735030724,0.4073536603310389,0.25899114853118
Dar_es_Salaam,25,5,OA_MAE,0.28732076360370323,0.44638565884602455,0.31673463730849327
Dar_es_Salaam,25,6,UNet_S2,0.18977433132276947,0.3190089520788061,0.18248820572296248
Dar_es_Salaam,25,6,UNet_S1S2,0.23368300656749627,0.3788380083432903,0.2236877596407194
Dar_es_Salaam,25,6,CROMA,0.2789872286526447,0.4362627278875101,0.2947818659955387
Dar_es_Salaam,25,6,OA_MAE,0.306654913101316,0.46937398700545574,0.30182249972096503
Dar_es_Salaam,25,7,UNet_S2,0.17999844589414016,0.3050825134905104,0.18240538094670805
Dar_es_Salaam,25,7,UNet_S1S2,0.21673561373752298,0.35625753251647274,0.2306484644694005
Dar_es_Salaam,25,7,CROMA,0.24975675630103222,0.39968858746601194,0.2797185888148845
Dar_es_Salaam,25,7,OA_MAE,0.2789309939431584,0.43619397022065665,0.317478329646165
Dar_es_Salaam,25,8,UNet_S2,0.189217876131805,0.31822238788955665,0.23283278536357147
Dar_es_Salaam,25,8,UNet_S1S2,0.2299861361218283,0.37396541207688627,0.2670280966848199
Dar_es_Salaam,25,8,CROMA,0.2711116265136991,0.426574064556835,0.2815815733995491
Dar_es_Salaam,25,8,OA_MAE,0.3088578357999833,0.4719501650249237,0.33151247803963685
Dar_es_Salaam,25,9,UNet_S2,0.19927167891617487,0.3323211619509999,0.2015113061969313
Dar_es_Salaam,25,9,UNet_S1S2,0.23674530740473693,0.3828521620211973,0.26221343381449985
Dar_es_Salaam,25,9,CROMA,0.27579411180708274,0.4323489335068926,0.2926558046214
Dar_es_Salaam,25,9,OA_MAE,0.314738361554723,0.47878478449892364,0.3190010447291902
Dar_es_Salaam,50,0,UNet_S2,0.22563019690544578,0.3681864194846573,0.2313962253623758
Dar_es_Salaam,50,0,UNet_S1S2,0.25621641043470395,0.4079176299663881,0.3072659243348741
Dar_es_Salaam,50,0,CROMA,0.30294358846242486,0.4650141282324002,0.33597743014147347
Dar_es_Salaam,50,0,OA_MAE,0.3313991636637472,0.4978208980570519,0.35047329962132323
Dar_es_Salaam,50,1,UNet_S2,0.2268825812123979,0.36985215160230556,0.2535530223472687
Dar_es_Salaam,50,1,UNet_S1S2,0.24829337723690806,0.3978125363229986,0.31118521945703204
Dar_es_Salaam,50,1,CROMA,0.29758378070519953,0.45867370589893053,0.33474177015651335
Dar_es_Salaam,50,1,OA_MAE,0.3389641465347948,0.5063080253672593,0.36410141788243044
Dar_es_Salaam,50,2,UNet_S2,0.21866895684274876,0.3588652285182723,0.2649675201401438
Dar_es_Salaam,50,2,UNet_S1S2,0.2453878674283653,0.3940746073511592,0.2528896506372435
Dar_es_Salaam,50,2,CROMA,0.30279295187525546,0.4648366441335313,0.3385078451818859
Dar_es_Salaam,50,2,OA_MAE,0.33461825839927767,0.5014441489817681,0.31422319846158253
Dar_es_Salaam,50,3,UNet_S2,0.22122996936485986,0.36230681348234134,0.22078419387457301
Dar_es_Salaam,50,3,UNet_S1S2,0.2494057676950314,0.39923902089094415,0.284976222038055
Dar_es_Salaam,50,3,CROMA,0.2823619550529671,0.44037793532529484,0.3040493631767293
Dar_es_Salaam,50,3,OA_MAE,0.32352664404669595,0.4888857289000394,0.38152736827636646
Dar_es_Salaam,50,4,UNet_S2,0.1957058077095478,0.3273477580316098,0.24704351953156847
Dar_es_Salaam,50,4,UNet_S1S2,0.22730034754547906,0.37040704502376287,0.2556041925306732
Dar_es_Salaam,50,4,CROMA,0.28501519993013336,0.44359817680853847,0.3284036568959953
Dar_es_Salaam,50,4,OA_MAE,0.30222410824739043,0.4641660468936355,0.3112839555754572
Dar_es_Salaam,50,5,UNet_S2,0.2148410569984353,0.35369409975203364,0.24355759411975883
Dar_es_Salaam,50,5,UNet_S1S2,0.25344381130757543,0.4043959673679928,0.28796069543500885
Dar_es_Salaam,50,5,CROMA,0.2820673358848801,0.44001953406011685,0.30036801539768576
Dar_es_Salaam,50,5,OA_MAE,0.3254675026701448,0.49109842680336235,0.342685915678324
Dar_es_Salaam,50,6,UNet_S2,0.2054361777989154,0.34084953078815794,0.20780332488329306
Dar_es_Salaam,50,6,UNet_S1S2,0.22562464589013753,0.36817902878621134,0.25008588827002687
Dar_es_Salaam,50,6,CROMA,0.27471405407336985,0.4310206719624947,0.3304598555649908
Dar_es_Salaam,50,6,OA_MAE,0.28829709626630196,0.447563061504733,0.32240836711072435
Dar_es_Salaam,50,7,UNet_S2,0.22158433094583663,0.36278188141832246,0.2490313435280961
Dar_es_Salaam,50,7,UNet_S1S2,0.26915802813906275,0.42415211056691343,0.31175379252375474
Dar_es_Salaam,50,7,CROMA,0.30918043150740077,0.47232669243521763,0.3442386225640348
Dar_es_Salaam,50,7,OA_MAE,0.3286533006348807,0.4947164177108321,0.37845872474955417
Dar_es_Salaam,50,8,UNet_S2,0.21525276922232528,0.35425184730921716,0.27813537505474484
Dar_es_Salaam,50,8,UNet_S1S2,0.25268223381723404,0.40342590801698924,0.2658461106237881
Dar_es_Salaam,50,8,CROMA,0.29514084751810804,0.45576641040036614,0.3225533544441649
Dar_es_Salaam,50,8,OA_MAE,0.32843804177082336,0.4944725029599598,0.32262716298976785
Dar_es_Salaam,50,9,UNet_S2,0.20228979250529963,0.33650754379902625,0.22697754161237377
Dar_es_Salaam,50,9,UNet_S1S2,0.23823223313094444,0.3847941068834236,0.24144651592279429
Dar_es_Salaam,50,9,CROMA,0.2910227431574369,0.45084061407886056,0.3407560711557297
Dar_es_Salaam,50,9,OA_MAE,0.31894209850971844,0.4836332070529757,0.3446283524228943
