sample_id,city,method,run_id,K,seed,target_iou_anchor,tp,fp,fn,tn,iou,f1,precision,recall,auprc,coverage,cloud_burden,positive_coverage
SCN_dak_0058,Dakar,UNet_S2,run_SCN_UNet_S2_fold_Dakar_K25_s1,25,1,0.28790686,54,104,30,1057,0.28723404,0.44628099,0.34177215,0.64285714,0.63327437,0.13509115,0.87064397,0.25454545
SCN_dak_0058,Dakar,UNet_S1S2,run_SCN_UNet_S1S2_fold_Dakar_K25_s1,25,1,0.31952183,56,91,28,1070,0.32000000,0.48484848,0.38095238,0.66666667,0.64654825,0.13509115,0.87064397,0.25454545
SCN_dak_0058,Dakar,CROMA,run_SCN_CROMA_fold_Dakar_K25_s1,25,1,0.34339732,55,76,29,1085,0.34375000,0.51162791,0.41984733,0.65476190,0.66964365,0.13509115,0.87064397,0.25454545
SCN_dak_0058,Dakar,OA_MAE,run_SCN_OA_MAE_fold_Dakar_K25_s1,25,1,0.35399298,57,77,27,1084,0.35403727,0.52293578,0.42537313,0.67857143,0.67658006,0.13509115,0.87064397,0.25454545
SCN_dak_0059,Dakar,UNet_S2,run_SCN_UNet_S2_fold_Dakar_K25_s1,25,1,0.26429597,54,119,31,1144,0.26470588,0.41860465,0.31213873,0.63529412,0.59461922,0.14626736,0.83808398,0.28619529
SCN_dak_0059,Dakar,UNet_S1S2,run_SCN_UNet_S1S2_fold_Dakar_K25_s1,25,1,0.27574150,53,107,32,1156,0.27604167,0.43265306,0.33125000,0.62352941,0.61860758,0.14626736,0.83808398,0.28619529
SCN_dak_0059,Dakar,CROMA,run_SCN_CROMA_fold_Dakar_K25_s1,25,1,0.35351886,58,79,27,1184,0.35365854,0.52252252,0.42335766,0.68235294,0.67804552,0.14626736,0.83808398,0.28619529
SCN_dak_0059,Dakar,OA_MAE,run_SCN_OA_MAE_fold_Dakar_K25_s1,25,1,0.35235466,56,74,29,1189,0.35220126,0.52093023,0.43076923,0.65882353,0.64984267,0.14626736,0.83808398,0.28619529
SCN_dak_0060,Dakar,UNet_S2,run_SCN_UNet_S2_fold_Dakar_K25_s1,25,1,0.26029853,53,117,34,1679,0.25980392,0.41245136,0.31176471,0.60919540,0.58836406,0.20431858,0.83000004,0.31294964
SCN_dak_0060,Dakar,UNet_S1S2,run_SCN_UNet_S1S2_fold_Dakar_K25_s1,25,1,0.28207763,53,101,34,1695,0.28191489,0.43983402,0.34415584,0.60919540,0.62268067,0.20431858,0.83000004,0.31294964
SCN_dak_0060,Dakar,CROMA,run_SCN_CROMA_fold_Dakar_K25_s1,25,1,0.34573609,56,75,31,1721,0.34567901,0.51376147,0.42748092,0.64367816,0.63304237,0.20431858,0.83000004,0.31294964
SCN_dak_0060,Dakar,OA_MAE,run_SCN_OA_MAE_fold_Dakar_K25_s1,25,1,0.34452428,57,78,30,1718,0.34545455,0.51351351,0.42222222,0.65517241,0.62382456,0.20431858,0.83000004,0.31294964
SCN_dak_0061,Dakar,UNet_S2,run_SCN_UNet_S2_fold_Dakar_K25_s1,25,1,0.29036618,68,126,40,4397,0.29059829,0.45033113,0.35051546,0.62962963,0.56534390,0.50249566,0.68400002,0.73469388
SCN_dak_0061,Dakar,UNet_S1S2,run_SCN_UNet_S1S2_fold_Dakar_K25_s1,25,1,0.31588730,70,114,38,4409,0.31531532,0.47945205,0.38043478,0.64814815,0.60258593,0.50249566,0.68400002,0.73469388
SCN_dak_0061,Dakar,CROMA,run_SCN_CROMA_fold_Dakar_K25_s1,25,1,0.32207504,69,106,39,4417,0.32242991,0.48763251,0.39428571,0.63888889,0.64137965,0.50249566,0.68400002,0.73469388
SCN_dak_0061,Dakar,OA_MAE,run_SCN_OA_MAE_fold_Dakar_K25_s1,25,1,0.37314069,73,88,35,4435,0.37244898,0.54275093,0.45341615,0.67592593,0.64519366,0.50249566,0.68400002,0.73469388
SCN_dak_0062,Dakar,UNet_S2,run_SCN_UNet_S2_fold_Dakar_K25_s1,25,1,0.25076918,52,120,35,3148,0.25120773,0.40154440,0.30232558,0.59770115,0.55664217,0.36404080,0.75399995,0.65413534
SCN_dak_0062,Dakar,UNet_S1S2,run_SCN_UNet_S1S2_fold_Dakar_K25_s1,25,1,0.27982796,55,110,32,3158,0.27918782,0.43650794,0.33333333,0.63218391,0.63325636,0.36404080,0.75399995,0.65413534
SCN_dak_0062,Dakar,CROMA,run_SCN_CROMA_fold_Dakar_K25_s1,25,1,0.33296617,58,87,29,3181,0.33333333,0.50000000,0.40000000,0.66666667,0.65605884,0.36404080,0.75399995,0.65413534
SCN_dak_0062,Dakar,OA_MAE,run_SCN_OA_MAE_fold_Dakar_K25_s1,25,1,0.32956165,57,86,30,3182,0.32947977,0.49565217,0.39860140,0.65517241,0.65412037,0.36404080,0.75399995,0.65413534
SCN_dak_0063,Dakar,UNet_S2,run_SCN_UNet_S2_fold_Dakar_K25_s1,25,1,0.27112855,53,111,31,1518,0.27179487,0.42741935,0.32317073,0.63095238,0.56033046,0.18587240,0.83000004,0.29681979
SCN_dak_0063,Dakar,UNet_S1S2,run_SCN_UNet_S1S2_fold_Dakar_K25_s1,25,1,0.30235112,52,88,32,1541,0.30232558,0.46428571,0.37142857,0.61904762,0.66028231,0.18587240,0.83000004,0.29681979
SCN_dak_0063,Dakar,CROMA,run_SCN_CROMA_fold_Dakar_K25_s1,25,1,0.31589937,53,84,31,1545,0.31547619,0.47963801,0.38686131,0.63095238,0.61155738,0.18587240,0.83000004,0.29681979
SCN_dak_0063,Dakar,OA_MAE,run_SCN_OA_MAE_fold_Dakar_K25_s1,25,1,0.34943179,56,76,28,1553,0.35000000,0.51851852,0.42424242,0.66666667,0.64796226,0.18587240,0.83000004,0.29681979
SCN_dak_0064,Dakar,UNet_S2,run_SCN_UNet_S2_fold_Dakar_K25_s1,25,1,0.26708626,48,100,32,6310,0.26666667,0.42105263,0.32432432,0.60000000,0.58645312,0.70421007,0.58700007,0.45197740
SCN_dak_0064,Dakar,UNet_S1S2,run_SCN_UNet_S1S2_fold_Dakar_K25_s1,25,1,0.32120948,53,85,27,6325,0.32121212,0.48623853,0.38405797,0.66250000,0.60420108,0.70421007,0.58700007,0.45197740
SCN_dak_0064,Dakar,CROMA,run_SCN_CROMA_fold_Dakar_K25_s1,25,1,0.31875854,52,83,28,6327,0.31901840,0.48372093,0.38518519,0.65000000,0.61861343,0.70421007,0.58700007,0.45197740
SCN_dak_0064,Dakar,OA_MAE,run_SCN_OA_MAE_fold_Dakar_K25_s1,25,1,0.35500273,53,69,27,6341,0.35570470,0.52475248,0.43442623,0.66250000,0.61283774,0.70421007,0.58700007,0.45197740
SCN_dak_0065,Dakar,UNet_S2,run_SCN_UNet_S2_fold_Dakar_K25_s1,25,1,0.25660186,58,134,34,6317,0.25663717,0.40845070,0.30208333,0.63043478,0.54669558,0.70996094,0.54800004,0.67153285
SCN_dak_0065,Dakar,UNet_S1S2,run_SCN_UNet_S1S2_fold_Dakar_K25_s1,25,1,0.28179547,59,117,33,6334,0.28229665,0.44029851,0.33522727,0.64130435,0.59544027,0.70996094,0.54800004,0.67153285
SCN_dak_0065,Dakar,CROMA,run_SCN_CROMA_fold_Dakar_K25_s1,25,1,0.35346684,61,81,31,6370,0.35260116,0.52136752,0.42957746,0.66304348,0.63421617,0.70996094,0.54800004,0.67153285
SCN_dak_0065,Dakar,OA_MAE,run_SCN_OA_MAE_fold_Dakar_K25_s1,25,1,0.36588015,62,77,30,6374,0.36686391,0.53679654,0.44604317,0.67391304,0.65385686,0.70996094,0.54800004,0.67153285
SCN_dak_0066,Dakar,UNet_S2,run_SCN_UNet_S2_fold_Dakar_K25_s1,25,1,0.26910462,51,108,31,1074,0.26842105,0.42323651,0.32075472,0.62195122,0.61738123,0.13715278,0.86265701,0.33469388
SCN_dak_0066,Dakar,UNet_S1S2,run_SCN_UNet_S1S2_fold_Dakar_K25_s1,25,1,0.27743125,51,102,31,1080,0.27717391,0.43404255,0.33333333,0.62195122,0.62351464,0.13715278,0.86265701,0.33469388
SCN_dak_0066,Dakar,CROMA,run_SCN_CROMA_fold_Dakar_K25_s1,25,1,0.33624482,54,79,28,1103,0.33540373,0.50232558,0.40601504,0.65853659,0.65401398,0.13715278,0.86265701,0.33469388
SCN_dak_0066,Dakar,OA_MAE,run_SCN_OA_MAE_fold_Dakar_K25_s1,25,1,0.35692213,55,72,27,1110,0.35714286,0.52631579,0.43307087,0.67073171,0.65742491,0.13715278,0.86265701,0.33469388
SCN_dak_0067,Dakar,UNet_S2,run_SCN_UNet_S2_fold_Dakar_K25_s1,25,1,0.26547011,50,104,34,1562,0.26595745,0.42016807,0.32467532,0.59523810,0.56761584,0.18988715,0.82584357,0.28865979
SCN_dak_0067,Dakar,UNet_S1S2,run_SCN_UNet_S1S2_fold_Dakar_K25_s1,25,1,0.30242745,54,95,30,1571,0.30167598,0.46351931,0.36241611,0.64285714,0.62217372,0.18988715,0.82584357,0.28865979
SCN_dak_0067,Dakar,CROMA,run_SCN_CROMA_fold_Dakar_K25_s1,25,1,0.30916831,56,97,28,1569,0.30939227,0.47257384,0.36601307,0.66666667,0.62095317,0.18988715,0.82584357,0.28865979
SCN_dak_0067,Dakar,OA_MAE,run_SCN_OA_MAE_fold_Dakar_K25_s1,25,1,0.34777770,56,77,28,1589,0.34782609,0.51612903,0.42105263,0.66666667,0.67379463,0.18988715,0.82584357,0.28865979
SCN_dak_0068,Dakar,UNet_S2,run_SCN_UNet_S2_fold_Dakar_K25_s1,25,1,0.27475094,163,333,97,7761,0.27487352,0.43121693,0.32862903,0.62692308,0.56519425,0.90646701,0.42100000,0.89655172
SCN_dak_0068,Dakar,UNet_S1S2,run_SCN_UNet_S1S2_fold_Dakar_K25_s1,25,1,0.30478000,169,294,91,7800,0.30505415,0.46749654,0.36501080,0.65000000,0.61975964,0.90646701,0.42100000,0.89655172
SCN_dak_0068,Dakar,CROMA,run_SCN_CROMA_fold_Dakar_K25_s1,25,1,0.32054768,169,267,91,7827,0.32068311,0.48563218,0.38761468,0.65000000,0.60169452,0.90646701,0.42100000,0.89655172
SCN_dak_0068,Dakar,OA_MAE,run_SCN_OA_MAE_fold_Dakar_K25_s1,25,1,0.34617530,176,248,84,7846,0.34645669,0.51461988,0.41509434,0.67692308,0.65697728,0.90646701,0.42100000,0.89655172
SCN_dak_0069,Dakar,UNet_S2,run_SCN_UNet_S2_fold_Dakar_K25_s1,25,1,0.26788396,77,166,44,3235,0.26829268,0.42307692,0.31687243,0.63636364,0.59883043,0.38216146,0.72000003,0.37116564
SCN_dak_0069,Dakar,UNet_S1S2,run_SCN_UNet_S1S2_fold_Dakar_K25_s1,25,1,0.32148105,80,128,41,3273,0.32128514,0.48632219,0.38461538,0.66115702,0.63320284,0.38216146,0.72000003,0.37116564
SCN_dak_0069,Dakar,CROMA,run_SCN_CROMA_fold_Dakar_K25_s1,25,1,0.32195934,77,118,44,3283,0.32217573,0.48734177,0.39487179,0.63636364,0.62505663,0.38216146,0.72000003,0.37116564
SCN_dak_0069,Dakar,OA_MAE,run_SCN_OA_MAE_fold_Dakar_K25_s1,25,1,0.34828610,81,112,40,3289,0.34763948,0.51592357,0.41968912,0.66942149,0.67893761,0.38216146,0.72000003,0.37116564
SCN_dar_0058,DarEsSalaam,UNet_S2,run_SCN_UNet_S2_fold_DarEsSalaam_K25_s1,25,1,0.16991148,62,252,51,4326,0.16986301,0.29039813,0.19745223,0.54867257,0.47431947,0.50900608,0.65899998,0.47478992
SCN_dar_0058,DarEsSalaam,UNet_S1S2,run_SCN_UNet_S1S2_fold_DarEsSalaam_K25_s1,25,1,0.22409868,67,186,46,4392,0.22408027,0.36612022,0.26482213,0.59292035,0.54506653,0.50900608,0.65899998,0.47478992
SCN_dar_0058,DarEsSalaam,CROMA,run_SCN_CROMA_fold_DarEsSalaam_K25_s1,25,1,0.26563146,69,147,44,4431,0.26538462,0.41945289,0.31944444,0.61061947,0.57448883,0.50900608,0.65899998,0.47478992
SCN_dar_0058,DarEsSalaam,OA_MAE,run_SCN_OA_MAE_fold_DarEsSalaam_K25_s1,25,1,0.30544267,74,129,39,4449,0.30578512,0.46835443,0.36453202,0.65486726,0.62039599,0.50900608,0.65899998,0.47478992
SCN_dar_0059,DarEsSalaam,UNet_S2,run_SCN_UNet_S2_fold_DarEsSalaam_K25_s1,25,1,0.19185781,141,485,109,8481,0.19183673,0.32191781,0.22523962,0.56400000,0.46560563,1.00000000,0.16500001,1.00000000
SCN_dar_0059,DarEsSalaam,UNet_S1S2,run_SCN_UNet_S1S2_fold_DarEsSalaam_K25_s1,25,1,0.21950708,146,415,104,8551,0.21954887,0.36004932,0.26024955,0.58400000,0.53814711,1.00000000,0.16500001,1.00000000
SCN_dar_0059,DarEsSalaam,CROMA,run_SCN_CROMA_fold_DarEsSalaam_K25_s1,25,1,0.25289154,155,363,95,8603,0.25285481,0.40364583,0.29922780,0.62000000,0.60099595,1.00000000,0.16500001,1.00000000
SCN_dar_0059,DarEsSalaam,OA_MAE,run_SCN_OA_MAE_fold_DarEsSalaam_K25_s1,25,1,0.27811249,155,307,95,8659,0.27827648,0.43539326,0.33549784,0.62000000,0.58821059,1.00000000,0.16500001,1.00000000
SCN_dar_0060,DarEsSalaam,UNet_S2,run_SCN_UNet_S2_fold_DarEsSalaam_K25_s1,25,1,0.18927439,48,171,35,1479,0.18897638,0.31788079,0.21917808,0.57831325,0.51118654,0.18804253,0.82139999,0.33333333
SCN_dar_0060,DarEsSalaam,UNet_S1S2,run_SCN_UNet_S1S2_fold_DarEsSalaam_K25_s1,25,1,0.21448983,48,141,35,1509,0.21428571,0.35294118,0.25396825,0.57831325,0.50725713,0.18804253,0.82139999,0.33333333
SCN_dar_0060,DarEsSalaam,CROMA,run_SCN_CROMA_fold_DarEsSalaam_K25_s1,25,1,0.27567655,53,109,30,1541,0.27604167,0.43265306,0.32716049,0.63855422,0.63210886,0.18804253,0.82139999,0.33333333
SCN_dar_0060,DarEsSalaam,OA_MAE,run_SCN_OA_MAE_fold_DarEsSalaam_K25_s1,25,1,0.31378083,53,86,30,1564,0.31360947,0.47747748,0.38129496,0.63855422,0.64005910,0.18804253,0.82139999,0.33333333
SCN_dar_0061,DarEsSalaam,UNet_S2,run_SCN_UNet_S2_fold_DarEsSalaam_K25_s1,25,1,0.16035890,45,199,37,5249,0.16014235,0.27607362,0.18442623,0.54878049,0.39351260,0.60004340,0.65499997,0.56944444
SCN_dar_0061,DarEsSalaam,UNet_S1S2,run_SCN_UNet_S1S2_fold_DarEsSalaam_K25_s1,25,1,0.22363677,48,133,34,5315,0.22325581,0.36501901,0.26519337,0.58536585,0.45948242,0.60004340,0.65499997,0.56944444
SCN_dar_0061,DarEsSalaam,CROMA,run_SCN_CROMA_fold_DarEsSalaam_K25_s1,25,1,0.26047755,50,110,32,5338,0.26041667,0.41322314,0.31250000,0.60975610,0.57380476,0.60004340,0.65499997,0.56944444
SCN_dar_0061,DarEsSalaam,OA_MAE,run_SCN_OA_MAE_fold_DarEsSalaam_K25_s1,25,1,0.30534760,52,88,30,5360,0.30588235,0.46846847,0.37142857,0.63414634,0.57788710,0.60004340,0.65499997,0.56944444
SCN_dar_0062,DarEsSalaam,UNet_S2,run_SCN_UNet_S2_fold_DarEsSalaam_K25_s1,25,1,0.15829212,118,533,94,8117,0.15838926,0.27346466,0.18125960,0.55660377,0.47894544,0.96158854,0.35000002,1.00000000
SCN_dar_0062,DarEsSalaam,UNet_S1S2,run_SCN_UNet_S1S2_fold_DarEsSalaam_K25_s1,25,1,0.21299329,123,365,89,8285,0.21317158,0.35142857,0.25204918,0.58018868,0.52588000,0.96158854,0.35000002,1.00000000
SCN_dar_0062,DarEsSalaam,CROMA,run_SCN_CROMA_fold_DarEsSalaam_K25_s1,25,1,0.28126927,133,261,79,8389,0.28118393,0.43894389,0.33756345,0.62735849,0.59475704,0.96158854,0.35000002,1.00000000
SCN_dar_0062,DarEsSalaam,OA_MAE,run_SCN_OA_MAE_fold_DarEsSalaam_K25_s1,25,1,0.26775380,133,285,79,8365,0.26760563,0.42222222,0.31818182,0.62735849,0.57543066,0.96158854,0.35000002,1.00000000
SCN_dar_0063,DarEsSalaam,UNet_S2,run_SCN_UNet_S2_fold_DarEsSalaam_K25_s1,25,1,0.19779794,56,188,39,2826,0.19787986,0.33038348,0.22950820,0.58947368,0.52109455,0.33734809,0.77200007,0.40254237
SCN_dar_0063,DarEsSalaam,UNet_S1S2,run_SCN_UNet_S1S2_fold_DarEsSalaam_K25_s1,25,1,0.21697308,55,158,40,2856,0.21739130,0.35714286,0.25821596,0.57894737,0.50310115,0.33734809,0.77200007,0.40254237
SCN_dar_0063,DarEsSalaam,CROMA,run_SCN_CROMA_fold_DarEsSalaam_K25_s1,25,1,0.24832569,60,147,35,2867,0.24793388,0.39735099,0.28985507,0.63157895,0.59303751,0.33734809,0.77200007,0.40254237
SCN_dar_0063,DarEsSalaam,OA_MAE,run_SCN_OA_MAE_fold_DarEsSalaam_K25_s1,25,1,0.28617066,59,111,36,2903,0.28640777,0.44528302,0.34705882,0.62105263,0.53378307,0.33734809,0.77200007,0.40254237
SCN_dar_0064,DarEsSalaam,UNet_S2,run_SCN_UNet_S2_fold_DarEsSalaam_K25_s1,25,1,0.16269458,77,336,60,8539,0.16279070,0.28000000,0.18644068,0.56204380,0.47831260,0.97786458,0.22100000,1.00000000
SCN_dar_0064,DarEsSalaam,UNet_S1S2,run_SCN_UNet_S1S2_fold_DarEsSalaam_K25_s1,25,1,0.22552634,83,231,54,8644,0.22554348,0.36807095,0.26433121,0.60583942,0.55701824,0.97786458,0.22100000,1.00000000
SCN_dar_0064,DarEsSalaam,CROMA,run_SCN_CROMA_fold_DarEsSalaam_K25_s1,25,1,0.27921963,83,160,54,8715,0.27946128,0.43684211,0.34156379,0.60583942,0.55658724,0.97786458,0.22100000,1.00000000
SCN_dar_0064,DarEsSalaam,OA_MAE,run_SCN_OA_MAE_fold_DarEsSalaam_K25_s1,25,1,0.26714377,82,170,55,8705,0.26710098,0.42159383,0.32539683,0.59854015,0.56348639,0.97786458,0.22100000,1.00000000
SCN_dar_0065,DarEsSalaam,UNet_S2,run_SCN_UNet_S2_fold_DarEsSalaam_K25_s1,25,1,0.15673996,50,232,37,1859,0.15673981,0.27100271,0.17730496,0.57471264,0.44903602,0.23632812,0.78999996,0.36708861
SCN_dar_0065,DarEsSalaam,UNet_S1S2,run_SCN_UNet_S1S2_fold_DarEsSalaam_K25_s1,25,1,0.22850372,51,136,36,1955,0.22869955,0.37226277,0.27272727,0.58620690,0.50697111,0.23632812,0.78999996,0.36708861
SCN_dar_0065,DarEsSalaam,CROMA,run_SCN_CROMA_fold_DarEsSalaam_K25_s1,25,1,0.26887722,53,110,34,1981,0.26903553,0.42400000,0.32515337,0.60919540,0.59619678,0.23632812,0.78999996,0.36708861
SCN_dar_0065,DarEsSalaam,OA_MAE,run_SCN_OA_MAE_fold_DarEsSalaam_K25_s1,25,1,0.31250607,55,89,32,2002,0.31250000,0.47619048,0.38194444,0.63218391,0.60973552,0.23632812,0.78999996,0.36708861
SCN_dar_0066,DarEsSalaam,UNet_S2,run_SCN_UNet_S2_fold_DarEsSalaam_K25_s1,25,1,0.18346346,47,175,34,2480,0.18359375,0.31023102,0.21171171,0.58024691,0.51979346,0.29687500,0.74099994,0.38388626
SCN_dar_0066,DarEsSalaam,UNet_S1S2,run_SCN_UNet_S1S2_fold_DarEsSalaam_K25_s1,25,1,0.21592714,48,141,33,2514,0.21621622,0.35555556,0.25396825,0.59259259,0.53355352,0.29687500,0.74099994,0.38388626
SCN_dar_0066,DarEsSalaam,CROMA,run_SCN_CROMA_fold_DarEsSalaam_K25_s1,25,1,0.23405630,50,133,31,2522,0.23364486,0.37878788,0.27322404,0.61728395,0.53767822,0.29687500,0.74099994,0.38388626
SCN_dar_0066,DarEsSalaam,OA_MAE,run_SCN_OA_MAE_fold_DarEsSalaam_K25_s1,25,1,0.26845032,50,105,31,2550,0.26881720,0.42372881,0.32258065,0.61728395,0.59151472,0.29687500,0.74099994,0.38388626
SCN_dar_0067,DarEsSalaam,UNet_S2,run_SCN_UNet_S2_fold_DarEsSalaam_K25_s1,25,1,0.17493849,140,553,107,7844,0.17500000,0.29787234,0.20202020,0.56680162,0.48928044,0.93793403,0.24599999,1.00000000
SCN_dar_0067,DarEsSalaam,UNet_S1S2,run_SCN_UNet_S1S2_fold_DarEsSalaam_K25_s1,25,1,0.22063396,144,406,103,7991,0.22052067,0.36135508,0.26181818,0.58299595,0.52306847,0.93793403,0.24599999,1.00000000
SCN_dar_0067,DarEsSalaam,CROMA,run_SCN_CROMA_fold_DarEsSalaam_K25_s1,25,1,0.28140011,151,290,96,8107,0.28119181,0.43895349,0.34240363,0.61133603,0.58865139,0.93793403,0.24599999,1.00000000
SCN_dar_0067,DarEsSalaam,OA_MAE,run_SCN_OA_MAE_fold_DarEsSalaam_K25_s1,25,1,0.29818016,157,280,90,8117,0.29791271,0.45906433,0.35926773,0.63562753,0.61584001,0.93793403,0.24599999,1.00000000
SCN_dar_0068,DarEsSalaam,UNet_S2,run_SCN_UNet_S2_fold_DarEsSalaam_K25_s1,25,1,0.16207762,55,240,44,7472,0.16224189,0.27918782,0.18644068,0.55555556,0.44591114,0.84754774,0.44500002,0.63870968
SCN_dar_0068,DarEsSalaam,UNet_S1S2,run_SCN_UNet_S1S2_fold_DarEsSalaam_K25_s1,25,1,0.22910789,59,159,40,7553,0.22868217,0.37223975,0.27064220,0.59595960,0.50529646,0.84754774,0.44500002,0.63870968
SCN_dar_0068,DarEsSalaam,CROMA,run_SCN_CROMA_fold_DarEsSalaam_K25_s1,25,1,0.26531804,61,131,38,7581,0.26521739,0.41924399,0.31770833,0.61616162,0.52308865,0.84754774,0.44500002,0.63870968
SCN_dar_0068,DarEsSalaam,OA_MAE,run_SCN_OA_MAE_fold_DarEsSalaam_K25_s1,25,1,0.31363062,64,105,35,7607,0.31372549,0.47761194,0.37869822,0.64646465,0.61521002,0.84754774,0.44500002,0.63870968
SCN_dar_0069,DarEsSalaam,UNet_S2,run_SCN_UNet_S2_fold_DarEsSalaam_K25_s1,25,1,0.19164230,48,167,35,1988,0.19200000,0.32214765,0.22325581,0.57831325,0.50610331,0.24283854,0.81399995,0.36086957
SCN_dar_0069,DarEsSalaam,UNet_S1S2,run_SCN_UNet_S1S2_fold_DarEsSalaam_K25_s1,25,1,0.22051754,48,135,35,2020,0.22018349,0.36090226,0.26229508,0.57831325,0.56010087,0.24283854,0.81399995,0.36086957
SCN_dar_0069,DarEsSalaam,CROMA,run_SCN_CROMA_fold_DarEsSalaam_K25_s1,25,1,0.24698193,52,128,31,2027,0.24644550,0.39543726,0.28888889,0.62650602,0.59500732,0.24283854,0.81399995,0.36086957
SCN_dar_0069,DarEsSalaam,OA_MAE,run_SCN_OA_MAE_fold_DarEsSalaam_K25_s1,25,1,0.30077847,53,93,30,2062,0.30113636,0.46288210,0.36301370,0.63855422,0.60720337,0.24283854,0.81399995,0.36086957
SCN_dou_0058,Douala,UNet_S2,run_SCN_UNet_S2_fold_Douala_K25_s1,25,1,0.17956258,85,321,67,6397,0.17970402,0.30465950,0.20935961,0.55921053,0.52337297,0.74544271,0.54399997,0.77157360
SCN_dou_0058,Douala,UNet_S1S2,run_SCN_UNet_S1S2_fold_Douala_K25_s1,25,1,0.22563954,92,256,60,6462,0.22549020,0.36800000,0.26436782,0.60526316,0.55993436,0.74544271,0.54399997,0.77157360
SCN_dou_0058,Douala,CROMA,run_SCN_CROMA_fold_Douala_K25_s1,25,1,0.26614006,96,209,56,6509,0.26592798,0.42013129,0.31475410,0.63157895,0.57800792,0.74544271,0.54399997,0.77157360
SCN_dou_0058,Douala,OA_MAE,run_SCN_OA_MAE_fold_Douala_K25_s1,25,1,0.31422249,98,160,54,6558,0.31410256,0.47804878,0.37984496,0.64473684,0.63629274,0.74544271,0.54399997,0.77157360
SCN_dou_0059,Douala,UNet_S2,run_SCN_UNet_S2_fold_Douala_K25_s1,25,1,0.16800853,86,358,68,6286,0.16796875,0.28762542,0.19369369,0.55844156,0.48681787,0.73763021,0.57599998,0.83243243
SCN_dou_0059,Douala,UNet_S1S2,run_SCN_UNet_S1S2_fold_Douala_K25_s1,25,1,0.20219650,91,296,63,6348,0.20222222,0.33641405,0.23514212,0.59090909,0.48701384,0.73763021,0.57599998,0.83243243
SCN_dou_0059,Douala,CROMA,run_SCN_CROMA_fold_Douala_K25_s1,25,1,0.26108533,95,210,59,6434,0.26098901,0.41394336,0.31147541,0.61688312,0.60230515,0.73763021,0.57599998,0.83243243
SCN_dou_0059,Douala,OA_MAE,run_SCN_OA_MAE_fold_Douala_K25_s1,25,1,0.29464780,96,172,58,6472,0.29447853,0.45497630,0.35820896,0.62337662,0.59340801,0.73763021,0.57599998,0.83243243
SCN_dou_0060,Douala,UNet_S2,run_SCN_UNet_S2_fold_Douala_K25_s1,25,1,0.19413712,49,165,38,1533,0.19444444,0.32558140,0.22897196,0.56321839,0.52399799,0.19368490,0.82939357,0.39726027
SCN_dou_0060,Douala,UNet_S1S2,run_SCN_UNet_S1S2_fold_Douala_K25_s1,25,1,0.20359997,49,154,38,1544,0.20331950,0.33793103,0.24137931,0.56321839,0.49808223,0.19368490,0.82939357,0.39726027
SCN_dou_0060,Douala,CROMA,run_SCN_CROMA_fold_Douala_K25_s1,25,1,0.26206560,53,115,34,1583,0.26237624,0.41568627,0.31547619,0.60919540,0.59862689,0.19368490,0.82939357,0.39726027
SCN_dou_0060,Douala,OA_MAE,run_SCN_OA_MAE_fold_Douala_K25_s1,25,1,0.24208932,53,132,34,1566,0.24200913,0.38970588,0.28648649,0.60919540,0.60122874,0.19368490,0.82939357,0.39726027
SCN_dou_0061,Douala,UNet_S2,run_SCN_UNet_S2_fold_Douala_K25_s1,25,1,0.17191653,138,559,106,7632,0.17185554,0.29330499,0.19799139,0.56557377,0.48035220,0.91525608,0.31400001,0.94208494
SCN_dou_0061,Douala,UNet_S1S2,run_SCN_UNet_S1S2_fold_Douala_K25_s1,25,1,0.24142499,144,352,100,7839,0.24161074,0.38918919,0.29032258,0.59016393,0.53748991,0.91525608,0.31400001,0.94208494
SCN_dou_0061,Douala,CROMA,run_SCN_CROMA_fold_Douala_K25_s1,25,1,0.27763830,148,289,96,7902,0.27767355,0.43465492,0.33867277,0.60655738,0.58131519,0.91525608,0.31400001,0.94208494
SCN_dou_0061,Douala,OA_MAE,run_SCN_OA_MAE_fold_Douala_K25_s1,25,1,0.31685042,161,264,83,7927,0.31692913,0.48131540,0.37882353,0.65983607,0.61443655,0.91525608,0.31400001,0.94208494
SCN_dou_0062,Douala,UNet_S2,run_SCN_UNet_S2_fold_Douala_K25_s1,25,1,0.19329393,139,477,103,8497,0.19332406,0.32400932,0.22564935,0.57438017,0.52025701,1.00000000,0.11400000,1.00000000
SCN_dou_0062,Douala,UNet_S1S2,run_SCN_UNet_S1S2_fold_Douala_K25_s1,25,1,0.22756290,146,400,96,8574,0.22741433,0.37055838,0.26739927,0.60330579,0.54971034,1.00000000,0.11400000,1.00000000
SCN_dou_0062,Douala,CROMA,run_SCN_CROMA_fold_Douala_K25_s1,25,1,0.25830211,152,346,90,8628,0.25850340,0.41081081,0.30522088,0.62809917,0.56654613,1.00000000,0.11400000,1.00000000
SCN_dou_0062,Douala,OA_MAE,run_SCN_OA_MAE_fold_Douala_K25_s1,25,1,0.30172636,154,268,88,8706,0.30196078,0.46385542,0.36492891,0.63636364,0.61883813,1.00000000,0.11400000,1.00000000
SCN_dou_0063,Douala,UNet_S2,run_SCN_UNet_S2_fold_Douala_K25_s1,25,1,0.19033997,47,163,37,1073,0.19028340,0.31972789,0.22380952,0.55952381,0.53288904,0.14322917,0.81200004,0.30996310
SCN_dou_0063,Douala,UNet_S1S2,run_SCN_UNet_S1S2_fold_Douala_K25_s1,25,1,0.23221356,51,136,33,1100,0.23181818,0.37638376,0.27272727,0.60714286,0.53297056,0.14322917,0.81200004,0.30996310
SCN_dou_0063,Douala,CROMA,run_SCN_CROMA_fold_Douala_K25_s1,25,1,0.25866571,50,109,34,1127,0.25906736,0.41152263,0.31446541,0.59523810,0.57475782,0.14322917,0.81200004,0.30996310
SCN_dou_0063,Douala,OA_MAE,run_SCN_OA_MAE_fold_Douala_K25_s1,25,1,0.28248249,53,104,31,1132,0.28191489,0.43983402,0.33757962,0.63095238,0.57142120,0.14322917,0.81200004,0.30996310
SCN_dou_0064,Douala,UNet_S2,run_SCN_UNet_S2_fold_Douala_K25_s1,25,1,0.18666027,107,385,81,4615,0.18673647,0.31470588,0.21747967,0.56914894,0.51575269,0.56293403,0.62099999,0.62458472
SCN_dou_0064,Douala,UNet_S1S2,run_SCN_UNet_S1S2_fold_Douala_K25_s1,25,1,0.22077167,115,333,73,4667,0.22072937,0.36163522,0.25669643,0.61170213,0.55569339,0.56293403,0.62099999,0.62458472
SCN_dou_0064,Douala,CROMA,run_SCN_CROMA_fold_Douala_K25_s1,25,1,0.28876580,120,228,68,4772,0.28846154,0.44776119,0.34482759,0.63829787,0.61615306,0.56293403,0.62099999,0.62458472
SCN_dou_0064,Douala,OA_MAE,run_SCN_OA_MAE_fold_Douala_K25_s1,25,1,0.30554942,124,218,64,4782,0.30541872,0.46792453,0.36257310,0.65957447,0.62344357,0.56293403,0.62099999,0.62458472
SCN_dou_0065,Douala,UNet_S2,run_SCN_UNet_S2_fold_Douala_K25_s1,25,1,0.17827624,103,393,82,7488,0.17820069,0.30249633,0.20766129,0.55675676,0.49590845,0.87521701,0.45599997,1.00000000
SCN_dou_0065,Douala,UNet_S1S2,run_SCN_UNet_S1S2_fold_Douala_K25_s1,25,1,0.20263268,107,343,78,7538,0.20265152,0.33700787,0.23777778,0.57837838,0.51051496,0.87521701,0.45599997,1.00000000
SCN_dou_0065,Douala,CROMA,run_SCN_CROMA_fold_Douala_K25_s1,25,1,0.26923566,116,246,69,7635,0.26914153,0.42413163,0.32044199,0.62702703,0.58199310,0.87521701,0.45599997,1.00000000
SCN_dou_0065,Douala,OA_MAE,run_SCN_OA_MAE_fold_Douala_K25_s1,25,1,0.30680146,121,209,64,7672,0.30710660,0.46990291,0.36666667,0.65405405,0.61133216,0.87521701,0.45599997,1.00000000
SCN_dou_0066,Douala,UNet_S2,run_SCN_UNet_S2_fold_Douala_K25_s1,25,1,0.19458354,46,156,34,828,0.19491525,0.32624113,0.22772277,0.57500000,0.53716630,0.11545139,0.83600003,0.28169014
SCN_dou_0066,Douala,UNet_S1S2,run_SCN_UNet_S1S2_fold_Douala_K25_s1,25,1,0.23610924,48,123,32,861,0.23645320,0.38247012,0.28070175,0.60000000,0.57513149,0.11545139,0.83600003,0.28169014
SCN_dou_0066,Douala,CROMA,run_SCN_CROMA_fold_Douala_K25_s1,25,1,0.26614125,50,108,30,876,0.26595745,0.42016807,0.31645570,0.62500000,0.60117880,0.11545139,0.83600003,0.28169014
SCN_dou_0066,Douala,OA_MAE,run_SCN_OA_MAE_fold_Douala_K25_s1,25,1,0.27820560,50,100,30,884,0.27777778,0.43478261,0.33333333,0.62500000,0.60170218,0.11545139,0.83600003,0.28169014
SCN_dou_0067,Douala,UNet_S2,run_SCN_UNet_S2_fold_Douala_K25_s1,25,1,0.16419652,108,470,80,6719,0.16413374,0.28198433,0.18685121,0.57446809,0.50072393,0.80045573,0.47600004,0.89099526
SCN_dou_0067,Douala,UNet_S1S2,run_SCN_UNet_S1S2_fold_Douala_K25_s1,25,1,0.23298256,110,284,78,6905,0.23305085,0.37800687,0.27918782,0.58510638,0.52595093,0.80045573,0.47600004,0.89099526
SCN_dou_0067,Douala,CROMA,run_SCN_CROMA_fold_Douala_K25_s1,25,1,0.28302692,114,215,74,6974,0.28287841,0.44100580,0.34650456,0.60638298,0.57431593,0.80045573,0.47600004,0.89099526
SCN_dou_0067,Douala,OA_MAE,run_SCN_OA_MAE_fold_Douala_K25_s1,25,1,0.27300361,117,241,71,6948,0.27272727,0.42857143,0.32681564,0.62234043,0.56616587,0.80045573,0.47600004,0.89099526
SCN_dou_0068,Douala,UNet_S2,run_SCN_UNet_S2_fold_Douala_K25_s1,25,1,0.18353692,49,184,34,481,0.18352060,0.31012658,0.21030043,0.59036145,0.55006272,0.08116319,0.85999995,0.42346939
SCN_dou_0068,Douala,UNet_S1S2,run_SCN_UNet_S1S2_fold_Douala_K25_s1,25,1,0.19478218,47,158,36,507,0.19502075,0.32638889,0.22926829,0.56626506,0.54386458,0.08116319,0.85999995,0.42346939
SCN_dou_0068,Douala,CROMA,run_SCN_CROMA_fold_Douala_K25_s1,25,1,0.25525768,50,113,33,552,0.25510204,0.40650407,0.30674847,0.60240964,0.60840139,0.08116319,0.85999995,0.42346939
SCN_dou_0068,Douala,OA_MAE,run_SCN_OA_MAE_fold_Douala_K25_s1,25,1,0.31269102,53,86,30,579,0.31360947,0.47747748,0.38129496,0.63855422,0.65246609,0.08116319,0.85999995,0.42346939
SCN_dou_0069,Douala,UNet_S2,run_SCN_UNet_S2_fold_Douala_K25_s1,25,1,0.17895668,47,182,34,1827,0.17870722,0.30322581,0.20524017,0.58024691,0.51706431,0.22677951,0.82299995,0.43315508
SCN_dou_0069,Douala,UNet_S1S2,run_SCN_UNet_S1S2_fold_Douala_K25_s1,25,1,0.23462128,49,128,32,1881,0.23444976,0.37984496,0.27683616,0.60493827,0.57059294,0.22677951,0.82299995,0.43315508
SCN_dou_0069,Douala,CROMA,run_SCN_CROMA_fold_Douala_K25_s1,25,1,0.25796203,49,109,32,1900,0.25789474,0.41004184,0.31012658,0.60493827,0.58240780,0.22677951,0.82299995,0.43315508
SCN_dou_0069,Douala,OA_MAE,run_SCN_OA_MAE_fold_Douala_K25_s1,25,1,0.28365692,52,102,29,1907,0.28415301,0.44255319,0.33766234,0.64197531,0.63676764,0.22677951,0.82299995,0.43315508
SCN_gar_0058,Garoua,UNet_S2,run_SCN_UNet_S2_fold_Garoua_K25_s1,25,1,0.22679679,124,342,81,8643,0.22669104,0.36959762,0.26609442,0.60487805,0.54822045,0.99717882,0.15000001,1.00000000
SCN_gar_0058,Garoua,UNet_S1S2,run_SCN_UNet_S1S2_fold_Garoua_K25_s1,25,1,0.25753716,127,288,78,8697,0.25760649,0.40967742,0.30602410,0.61951220,0.59585458,0.99717882,0.15000001,1.00000000
SCN_gar_0058,Garoua,CROMA,run_SCN_CROMA_fold_Garoua_K25_s1,25,1,0.30601815,134,233,71,8752,0.30593607,0.46853147,0.36512262,0.65365854,0.59942583,0.99717882,0.15000001,1.00000000
SCN_gar_0058,Garoua,OA_MAE,run_SCN_OA_MAE_fold_Garoua_K25_s1,25,1,0.33559613,133,191,72,8794,0.33585859,0.50283554,0.41049383,0.64878049,0.64396937,0.99717882,0.15000001,1.00000000
SCN_gar_0059,Garoua,UNet_S2,run_SCN_UNet_S2_fold_Garoua_K25_s1,25,1,0.22092939,153,440,100,8523,0.22077922,0.36170213,0.25801012,0.60474308,0.53549690,1.00000000,0.05500000,1.00000000
SCN_gar_0059,Garoua,UNet_S1S2,run_SCN_UNet_S1S2_fold_Garoua_K25_s1,25,1,0.24995374,159,383,94,8580,0.25000000,0.40000000,0.29335793,0.62845850,0.55180195,1.00000000,0.05500000,1.00000000
SCN_gar_0059,Garoua,CROMA,run_SCN_CROMA_fold_Garoua_K25_s1,25,1,0.27789889,161,326,92,8637,0.27806563,0.43513514,0.33059548,0.63636364,0.58056361,1.00000000,0.05500000,1.00000000
SCN_gar_0059,Garoua,OA_MAE,run_SCN_OA_MAE_fold_Garoua_K25_s1,25,1,0.31423342,164,269,89,8694,0.31417625,0.47813411,0.37875289,0.64822134,0.62885426,1.00000000,0.05500000,1.00000000
SCN_gar_0060,Garoua,UNet_S2,run_SCN_UNet_S2_fold_Garoua_K25_s1,25,1,0.25915220,49,106,34,1671,0.25925926,0.41176471,0.31612903,0.59036145,0.54238068,0.20182292,0.84799999,0.36725664
SCN_gar_0060,Garoua,UNet_S1S2,run_SCN_UNet_S1S2_fold_Garoua_K25_s1,25,1,0.25875070,52,118,31,1659,0.25870647,0.41106719,0.30588235,0.62650602,0.54793332,0.20182292,0.84799999,0.36725664
SCN_gar_0060,Garoua,CROMA,run_SCN_CROMA_fold_Garoua_K25_s1,25,1,0.32190053,53,82,30,1695,0.32121212,0.48623853,0.39259259,0.63855422,0.65723411,0.20182292,0.84799999,0.36725664
SCN_gar_0060,Garoua,OA_MAE,run_SCN_OA_MAE_fold_Garoua_K25_s1,25,1,0.33288739,55,82,28,1695,0.33333333,0.50000000,0.40145985,0.66265060,0.64975701,0.20182292,0.84799999,0.36725664
SCN_gar_0061,Garoua,UNet_S2,run_SCN_UNet_S2_fold_Garoua_K25_s1,25,1,0.21109814,62,188,44,2515,0.21088435,0.34831461,0.24800000,0.58490566,0.53918779,0.30479601,0.78700000,0.66250000
SCN_gar_0061,Garoua,UNet_S1S2,run_SCN_UNet_S1S2_fold_Garoua_K25_s1,25,1,0.23968298,65,165,41,2538,0.23985240,0.38690476,0.28260870,0.61320755,0.61332643,0.30479601,0.78700000,0.66250000
SCN_gar_0061,Garoua,CROMA,run_SCN_CROMA_fold_Garoua_K25_s1,25,1,0.28799919,68,130,38,2573,0.28813559,0.44736842,0.34343434,0.64150943,0.56500315,0.30479601,0.78700000,0.66250000
SCN_gar_0061,Garoua,OA_MAE,run_SCN_OA_MAE_fold_Garoua_K25_s1,25,1,0.33148061,68,99,38,2604,0.33170732,0.49816850,0.40718563,0.64150943,0.61799001,0.30479601,0.78700000,0.66250000
SCN_gar_0062,Garoua,UNet_S2,run_SCN_UNet_S2_fold_Garoua_K25_s1,25,1,0.23303228,137,366,85,8069,0.23299320,0.37793103,0.27236581,0.61711712,0.57247048,0.93934462,0.33600003,0.99107143
SCN_gar_0062,Garoua,UNet_S1S2,run_SCN_UNet_S1S2_fold_Garoua_K25_s1,25,1,0.24915353,135,320,87,8115,0.24907749,0.39881832,0.29670330,0.60810811,0.54910274,0.93934462,0.33600003,0.99107143
SCN_gar_0062,Garoua,CROMA,run_SCN_CROMA_fold_Garoua_K25_s1,25,1,0.31074787,146,248,76,8187,0.31063830,0.47402597,0.37055838,0.65765766,0.60476907,0.93934462,0.33600003,0.99107143
SCN_gar_0062,Garoua,OA_MAE,run_SCN_OA_MAE_fold_Garoua_K25_s1,25,1,0.32143397,141,217,81,8218,0.32118451,0.48620690,0.39385475,0.63513514,0.61466209,0.93934462,0.33600003,0.99107143
SCN_gar_0063,Garoua,UNet_S2,run_SCN_UNet_S2_fold_Garoua_K25_s1,25,1,0.21686726,48,140,33,1005,0.21719457,0.35687732,0.25531915,0.59259259,0.56969458,0.13302951,0.81829250,0.34322034
SCN_gar_0063,Garoua,UNet_S1S2,run_SCN_UNet_S1S2_fold_Garoua_K25_s1,25,1,0.26529012,50,107,31,1038,0.26595745,0.42016807,0.31847134,0.61728395,0.58999083,0.13302951,0.81829250,0.34322034
SCN_gar_0063,Garoua,CROMA,run_SCN_CROMA_fold_Garoua_K25_s1,25,1,0.27850406,50,99,31,1046,0.27777778,0.43478261,0.33557047,0.61728395,0.60388659,0.13302951,0.81829250,0.34322034
SCN_gar_0063,Garoua,OA_MAE,run_SCN_OA_MAE_fold_Garoua_K25_s1,25,1,0.32944770,52,77,29,1068,0.32911392,0.49523810,0.40310078,0.64197531,0.65914658,0.13302951,0.81829250,0.34322034
SCN_gar_0064,Garoua,UNet_S2,run_SCN_UNet_S2_fold_Garoua_K25_s1,25,1,0.22009852,129,366,91,8630,0.22013652,0.36083916,0.26060606,0.58636364,0.50421205,1.00000000,0.18300000,1.00000000
SCN_gar_0064,Garoua,UNet_S1S2,run_SCN_UNet_S1S2_fold_Garoua_K25_s1,25,1,0.25935221,138,312,82,8684,0.25939850,0.41194030,0.30666667,0.62727273,0.55695452,1.00000000,0.18300000,1.00000000
SCN_gar_0064,Garoua,CROMA,run_SCN_CROMA_fold_Garoua_K25_s1,25,1,0.28413760,134,252,86,8744,0.28389831,0.44224422,0.34715026,0.60909091,0.56470688,1.00000000,0.18300000,1.00000000
SCN_gar_0064,Garoua,OA_MAE,run_SCN_OA_MAE_fold_Garoua_K25_s1,25,1,0.33707008,144,207,76,8789,0.33723653,0.50437828,0.41025641,0.65454545,0.62511422,1.00000000,0.18300000,1.00000000
SCN_gar_0065,Garoua,UNet_S2,run_SCN_UNet_S2_fold_Garoua_K25_s1,25,1,0.24807515,95,225,63,8713,0.24804178,0.39748954,0.29687500,0.60126582,0.53685360,0.98697917,0.19199999,1.00000000
SCN_gar_0065,Garoua,UNet_S1S2,run_SCN_UNet_S1S2_fold_Garoua_K25_s1,25,1,0.27735820,100,203,58,8735,0.27700831,0.43383948,0.33003300,0.63291139,0.61335036,0.98697917,0.19199999,1.00000000
SCN_gar_0065,Garoua,CROMA,run_SCN_CROMA_fold_Garoua_K25_s1,25,1,0.29204436,102,191,56,8747,0.29226361,0.45232816,0.34812287,0.64556962,0.58011567,0.98697917,0.19199999,1.00000000
SCN_gar_0065,Garoua,OA_MAE,run_SCN_OA_MAE_fold_Garoua_K25_s1,25,1,0.34702629,104,142,54,8796,0.34666667,0.51485149,0.42276423,0.65822785,0.64472644,0.98697917,0.19199999,1.00000000
SCN_gar_0066,Garoua,UNet_S2,run_SCN_UNet_S2_fold_Garoua_K25_s1,25,1,0.21853435,50,143,36,1243,0.21834061,0.35842294,0.25906736,0.58139535,0.52600967,0.15972222,0.83200002,0.31501832
SCN_gar_0066,Garoua,UNet_S1S2,run_SCN_UNet_S1S2_fold_Garoua_K25_s1,25,1,0.26443799,53,114,33,1272,0.26500000,0.41897233,0.31736527,0.61627907,0.55476125,0.15972222,0.83200002,0.31501832
SCN_gar_0066,Garoua,CROMA,run_SCN_CROMA_fold_Garoua_K25_s1,25,1,0.31970680,55,86,31,1300,0.31976744,0.48458150,0.39007092,0.63953488,0.65528103,0.15972222,0.83200002,0.31501832
SCN_gar_0066,Garoua,OA_MAE,run_SCN_OA_MAE_fold_Garoua_K25_s1,25,1,0.32519970,57,89,29,1297,0.32571429,0.49137931,0.39041096,0.66279070,0.66010545,0.15972222,0.83200002,0.31501832
SCN_gar_0067,Garoua,UNet_S2,run_SCN_UNet_S2_fold_Garoua_K25_s1,25,1,0.22704613,49,136,31,590,0.22685185,0.36981132,0.26486486,0.61250000,0.56993490,0.08745660,0.84556299,0.24024024
SCN_gar_0067,Garoua,UNet_S1S2,run_SCN_UNet_S1S2_fold_Garoua_K25_s1,25,1,0.28017205,51,102,29,624,0.28021978,0.43776824,0.33333333,0.63750000,0.65031913,0.08745660,0.84556299,0.24024024
SCN_gar_0067,Garoua,CROMA,run_SCN_CROMA_fold_Garoua_K25_s1,25,1,0.28761186,51,97,29,629,0.28813559,0.44736842,0.34459459,0.63750000,0.62922260,0.08745660,0.84556299,0.24024024
SCN_gar_0067,Garoua,OA_MAE,run_SCN_OA_MAE_fold_Garoua_K25_s1,25,1,0.32347469,53,84,27,642,0.32317073,0.48847926,0.38686131,0.66250000,0.68077376,0.08745660,0.84556299,0.24024024
SCN_gar_0068,Garoua,UNet_S2,run_SCN_UNet_S2_fold_Garoua_K25_s1,25,1,0.23787761,108,270,76,8762,0.23788546,0.38434164,0.28571429,0.58695652,0.54429442,1.00000000,0.19000000,1.00000000
SCN_gar_0068,Garoua,UNet_S1S2,run_SCN_UNet_S1S2_fold_Garoua_K25_s1,25,1,0.25841088,114,257,70,8775,0.25850340,0.41081081,0.30727763,0.61956522,0.58940767,1.00000000,0.19000000,1.00000000
SCN_gar_0068,Garoua,CROMA,run_SCN_CROMA_fold_Garoua_K25_s1,25,1,0.29684860,117,210,67,8822,0.29695431,0.45792564,0.35779817,0.63586957,0.62321398,1.00000000,0.19000000,1.00000000
SCN_gar_0068,Garoua,OA_MAE,run_SCN_OA_MAE_fold_Garoua_K25_s1,25,1,0.31346039,120,199,64,8833,0.31331593,0.47713718,0.37617555,0.65217391,0.60709275,1.00000000,0.19000000,1.00000000
SCN_gar_0069,Garoua,UNet_S2,run_SCN_UNet_S2_fold_Garoua_K25_s1,25,1,0.22705922,55,151,36,3444,0.22727273,0.37037037,0.26699029,0.60439560,0.53616714,0.39995660,0.75399995,0.33955224
SCN_gar_0069,Garoua,UNet_S1S2,run_SCN_UNet_S1S2_fold_Garoua_K25_s1,25,1,0.25713665,56,127,35,3468,0.25688073,0.40875912,0.30601093,0.61538462,0.53400227,0.39995660,0.75399995,0.33955224
SCN_gar_0069,Garoua,CROMA,run_SCN_CROMA_fold_Garoua_K25_s1,25,1,0.29965185,59,106,32,3489,0.29949239,0.46093750,0.35757576,0.64835165,0.61920943,0.39995660,0.75399995,0.33955224
SCN_gar_0069,Garoua,OA_MAE,run_SCN_OA_MAE_fold_Garoua_K25_s1,25,1,0.31385141,59,97,32,3498,0.31382979,0.47773279,0.37820513,0.64835165,0.60605531,0.39995660,0.75399995,0.33955224
SCN_kig_0058,Kigali,UNet_S2,run_SCN_UNet_S2_fold_Kigali_K25_s1,25,1,0.23109908,48,127,33,2230,0.23076923,0.37500000,0.27428571,0.59259259,0.56510674,0.26453993,0.79299998,0.38207547
SCN_kig_0058,Kigali,UNet_S1S2,run_SCN_UNet_S1S2_fold_Kigali_K25_s1,25,1,0.24957972,49,115,32,2242,0.25000000,0.40000000,0.29878049,0.60493827,0.56181807,0.26453993,0.79299998,0.38207547
SCN_kig_0058,Kigali,CROMA,run_SCN_CROMA_fold_Kigali_K25_s1,25,1,0.32050584,52,81,29,2276,0.32098765,0.48598131,0.39097744,0.64197531,0.60073435,0.26453993,0.79299998,0.38207547
SCN_kig_0058,Kigali,OA_MAE,run_SCN_OA_MAE_fold_Kigali_K25_s1,25,1,0.32762919,52,78,29,2279,0.32704403,0.49289100,0.40000000,0.64197531,0.60720828,0.26453993,0.79299998,0.38207547
SCN_kig_0059,Kigali,UNet_S2,run_SCN_UNet_S2_fold_Kigali_K25_s1,25,1,0.23484788,50,129,34,6968,0.23474178,0.38022814,0.27932961,0.59523810,0.52559861,0.77918837,0.52500004,0.63636364
SCN_kig_0059,Kigali,UNet_S1S2,run_SCN_UNet_S1S2_fold_Kigali_K25_s1,25,1,0.28883938,54,103,30,6994,0.28877005,0.44813278,0.34394904,0.64285714,0.57486237,0.77918837,0.52500004,0.63636364
SCN_kig_0059,Kigali,CROMA,run_SCN_CROMA_fold_Kigali_K25_s1,25,1,0.30315488,53,91,31,7006,0.30285714,0.46491228,0.36805556,0.63095238,0.56829513,0.77918837,0.52500004,0.63636364
SCN_kig_0059,Kigali,OA_MAE,run_SCN_OA_MAE_fold_Kigali_K25_s1,25,1,0.31908233,54,85,30,7012,0.31952663,0.48430493,0.38848921,0.64285714,0.61624034,0.77918837,0.52500004,0.63636364
SCN_kig_0060,Kigali,UNet_S2,run_SCN_UNet_S2_fold_Kigali_K25_s1,25,1,0.22702013,48,131,32,1213,0.22748815,0.37065637,0.26815642,0.60000000,0.57098626,0.15451389,0.83019406,0.42328042
SCN_kig_0060,Kigali,UNet_S1S2,run_SCN_UNet_S1S2_fold_Kigali_K25_s1,25,1,0.24052520,47,115,33,1229,0.24102564,0.38842975,0.29012346,0.58750000,0.55657420,0.15451389,0.83019406,0.42328042
SCN_kig_0060,Kigali,CROMA,run_SCN_CROMA_fold_Kigali_K25_s1,25,1,0.32376035,53,84,27,1260,0.32317073,0.48847926,0.38686131,0.66250000,0.66380743,0.15451389,0.83019406,0.42328042
SCN_kig_0060,Kigali,OA_MAE,run_SCN_OA_MAE_fold_Kigali_K25_s1,25,1,0.30678248,52,90,28,1254,0.30588235,0.46846847,0.36619718,0.65000000,0.65725118,0.15451389,0.83019406,0.42328042
SCN_kig_0061,Kigali,UNet_S2,run_SCN_UNet_S2_fold_Kigali_K25_s1,25,1,0.19336527,49,168,36,744,0.19367589,0.32450331,0.22580645,0.57647059,0.54006008,0.10818142,0.82400000,0.31021898
SCN_kig_0061,Kigali,UNet_S1S2,run_SCN_UNet_S1S2_fold_Kigali_K25_s1,25,1,0.28875978,55,105,30,807,0.28947368,0.44897959,0.34375000,0.64705882,0.63015674,0.10818142,0.82400000,0.31021898
SCN_kig_0061,Kigali,CROMA,run_SCN_CROMA_fold_Kigali_K25_s1,25,1,0.30986355,55,92,30,820,0.31073446,0.47413793,0.37414966,0.64705882,0.65093694,0.10818142,0.82400000,0.31021898
SCN_kig_0061,Kigali,OA_MAE,run_SCN_OA_MAE_fold_Kigali_K25_s1,25,1,0.34238490,55,76,30,836,0.34161491,0.50925926,0.41984733,0.64705882,0.66548209,0.10818142,0.82400000,0.31021898
SCN_kig_0062,Kigali,UNet_S2,run_SCN_UNet_S2_fold_Kigali_K25_s1,25,1,0.19538916,144,490,103,7407,0.19538670,0.32690125,0.22712934,0.58299595,0.51398039,0.88368056,0.46400002,0.98800000
SCN_kig_0062,Kigali,UNet_S1S2,run_SCN_UNet_S1S2_fold_Kigali_K25_s1,25,1,0.25536063,154,356,93,7541,0.25538972,0.40686922,0.30196078,0.62348178,0.57634712,0.88368056,0.46400002,0.98800000
SCN_kig_0062,Kigali,CROMA,run_SCN_CROMA_fold_Kigali_K25_s1,25,1,0.33415241,163,241,84,7656,0.33401639,0.50076805,0.40346535,0.65991903,0.65211777,0.88368056,0.46400002,0.98800000
SCN_kig_0062,Kigali,OA_MAE,run_SCN_OA_MAE_fold_Kigali_K25_s1,25,1,0.31354407,163,273,84,7624,0.31346154,0.47730600,0.37385321,0.65991903,0.62694115,0.88368056,0.46400002,0.98800000
SCN_kig_0063,Kigali,UNet_S2,run_SCN_UNet_S2_fold_Kigali_K25_s1,25,1,0.21450134,50,147,36,2021,0.21459227,0.35335689,0.25380711,0.58139535,0.51266630,0.24457465,0.75300002,0.46739130
SCN_kig_0063,Kigali,UNet_S1S2,run_SCN_UNet_S1S2_fold_Kigali_K25_s1,25,1,0.24156959,54,138,32,2030,0.24107143,0.38848921,0.28125000,0.62790698,0.58843431,0.24457465,0.75300002,0.46739130
SCN_kig_0063,Kigali,CROMA,run_SCN_CROMA_fold_Kigali_K25_s1,25,1,0.29017580,54,100,32,2068,0.29032258,0.45000000,0.35064935,0.62790698,0.61148760,0.24457465,0.75300002,0.46739130
SCN_kig_0063,Kigali,OA_MAE,run_SCN_OA_MAE_fold_Kigali_K25_s1,25,1,0.33170928,55,80,31,2088,0.33132530,0.49773756,0.40740741,0.63953488,0.62365062,0.24457465,0.75300002,0.46739130
SCN_kig_0064,Kigali,UNet_S2,run_SCN_UNet_S2_fold_Kigali_K25_s1,25,1,0.21687227,77,222,56,5600,0.21690141,0.35648148,0.25752508,0.57894737,0.51596439,0.64615885,0.59900004,0.53200000
SCN_kig_0064,Kigali,UNet_S1S2,run_SCN_UNet_S1S2_fold_Kigali_K25_s1,25,1,0.26510161,84,184,49,5638,0.26498423,0.41895262,0.31343284,0.63157895,0.57513412,0.64615885,0.59900004,0.53200000
SCN_kig_0064,Kigali,CROMA,run_SCN_CROMA_fold_Kigali_K25_s1,25,1,0.29665991,86,157,47,5665,0.29655172,0.45744681,0.35390947,0.64661654,0.59516871,0.64615885,0.59900004,0.53200000
SCN_kig_0064,Kigali,OA_MAE,run_SCN_OA_MAE_fold_Kigali_K25_s1,25,1,0.31198419,87,146,46,5676,0.31182796,0.47540984,0.37339056,0.65413534,0.59408979,0.64615885,0.59900004,0.53200000
SCN_kig_0065,Kigali,UNet_S2,run_SCN_UNet_S2_fold_Kigali_K25_s1,25,1,0.20179557,73,236,53,7875,0.20165746,0.33563218,0.23624595,0.57936508,0.50399773,0.89377170,0.42800000,0.87500000
SCN_kig_0065,Kigali,UNet_S1S2,run_SCN_UNet_S1S2_fold_Kigali_K25_s1,25,1,0.27041067,76,155,50,7956,0.27046263,0.42577031,0.32900433,0.60317460,0.55937345,0.89377170,0.42800000,0.87500000
SCN_kig_0065,Kigali,CROMA,run_SCN_CROMA_fold_Kigali_K25_s1,25,1,0.30547406,80,136,46,7975,0.30534351,0.46783626,0.37037037,0.63492063,0.55789995,0.89377170,0.42800000,0.87500000
SCN_kig_0065,Kigali,OA_MAE,run_SCN_OA_MAE_fold_Kigali_K25_s1,25,1,0.32267287,80,122,46,7989,0.32258065,0.48780488,0.39603960,0.63492063,0.59974891,0.89377170,0.42800000,0.87500000
SCN_kig_0066,Kigali,UNet_S2,run_SCN_UNet_S2_fold_Kigali_K25_s1,25,1,0.22115514,52,149,34,1487,0.22127660,0.36236934,0.25870647,0.60465116,0.54113697,0.18684896,0.84299999,0.46236559
SCN_kig_0066,Kigali,UNet_S1S2,run_SCN_UNet_S1S2_fold_Kigali_K25_s1,25,1,0.27817420,53,105,33,1531,0.27748691,0.43442623,0.33544304,0.61627907,0.57886711,0.18684896,0.84299999,0.46236559
SCN_kig_0066,Kigali,CROMA,run_SCN_CROMA_fold_Kigali_K25_s1,25,1,0.33640032,56,80,30,1556,0.33734940,0.50450450,0.41176471,0.65116279,0.65559322,0.18684896,0.84299999,0.46236559
SCN_kig_0066,Kigali,OA_MAE,run_SCN_OA_MAE_fold_Kigali_K25_s1,25,1,0.30167363,56,100,30,1536,0.30107527,0.46280992,0.35897436,0.65116279,0.64409573,0.18684896,0.84299999,0.46236559
SCN_kig_0067,Kigali,UNet_S2,run_SCN_UNet_S2_fold_Kigali_K25_s1,25,1,0.22430179,87,237,64,8828,0.22422680,0.36631579,0.26851852,0.57615894,0.52945035,1.00000000,0.17599998,1.00000000
SCN_kig_0067,Kigali,UNet_S1S2,run_SCN_UNet_S1S2_fold_Kigali_K25_s1,25,1,0.25805438,93,209,58,8856,0.25833333,0.41059603,0.30794702,0.61589404,0.57057704,1.00000000,0.17599998,1.00000000
SCN_kig_0067,Kigali,CROMA,run_SCN_CROMA_fold_Kigali_K25_s1,25,1,0.33904366,101,147,50,8918,0.33892617,0.50626566,0.40725806,0.66887417,0.61927869,1.00000000,0.17599998,1.00000000
SCN_kig_0067,Kigali,OA_MAE,run_SCN_OA_MAE_fold_Kigali_K25_s1,25,1,0.34485409,100,139,51,8926,0.34482759,0.51282051,0.41841004,0.66225166,0.62445893,1.00000000,0.17599998,1.00000000
SCN_kig_0068,Kigali,UNet_S2,run_SCN_UNet_S2_fold_Kigali_K25_s1,25,1,0.22840175,103,278,70,7575,0.22838137,0.37184116,0.27034121,0.59537572,0.52146521,0.87087674,0.43700001,1.00000000
SCN_kig_0068,Kigali,UNet_S1S2,run_SCN_UNet_S1S2_fold_Kigali_K25_s1,25,1,0.24699628,102,240,71,7613,0.24697337,0.39611650,0.29824561,0.58959538,0.55277052,0.87087674,0.43700001,1.00000000
SCN_kig_0068,Kigali,CROMA,run_SCN_CROMA_fold_Kigali_K25_s1,25,1,0.32974759,111,164,62,7689,0.32937685,0.49553571,0.40363636,0.64161850,0.61217303,0.87087674,0.43700001,1.00000000
SCN_kig_0068,Kigali,OA_MAE,run_SCN_OA_MAE_fold_Kigali_K25_s1,25,1,0.32811361,112,168,61,7685,0.32844575,0.49448124,0.40000000,0.64739884,0.62356174,0.87087674,0.43700001,1.00000000
SCN_kig_0069,Kigali,UNet_S2,run_SCN_UNet_S2_fold_Kigali_K25_s1,25,1,0.21842984,52,150,36,894,0.21848739,0.35862069,0.25742574,0.59090909,0.55876951,0.12282986,0.81044894,0.37130802
SCN_kig_0069,Kigali,UNet_S1S2,run_SCN_UNet_S1S2_fold_Kigali_K25_s1,25,1,0.24429758,53,129,35,915,0.24423963,0.39259259,0.29120879,0.60227273,0.60272461,0.12282986,0.81044894,0.37130802
SCN_kig_0069,Kigali,CROMA,run_SCN_CROMA_fold_Kigali_K25_s1,25,1,0.30438597,56,96,32,948,0.30434783,0.46666667,0.36842105,0.63636364,0.65434981,0.12282986,0.81044894,0.37130802
SCN_kig_0069,Kigali,OA_MAE,run_SCN_OA_MAE_fold_Kigali_K25_s1,25,1,0.33793063,56,78,32,966,0.33734940,0.50450450,0.41791045,0.63636364,0.64458602,0.12282986,0.81044894,0.37130802
SCN_yao_0058,Yaounde,UNet_S2,run_SCN_UNet_S2_fold_Yaounde_K25_s1,25,1,0.16988462,130,543,92,7926,0.16993464,0.29050279,0.19316493,0.58558559,0.46412653,0.94303385,0.28899997,0.99107143
SCN_yao_0058,Yaounde,UNet_S1S2,run_SCN_UNet_S1S2_fold_Yaounde_K25_s1,25,1,0.20935808,132,408,90,8061,0.20952381,0.34645669,0.24444444,0.59459459,0.52043417,0.94303385,0.28899997,0.99107143
SCN_yao_0058,Yaounde,CROMA,run_SCN_CROMA_fold_Yaounde_K25_s1,25,1,0.24964554,135,319,87,8150,0.24953789,0.39940828,0.29735683,0.60810811,0.54822994,0.94303385,0.28899997,0.99107143
SCN_yao_0058,Yaounde,OA_MAE,run_SCN_OA_MAE_fold_Yaounde_K25_s1,25,1,0.29443613,140,253,82,8216,0.29473684,0.45528455,0.35623410,0.63063063,0.60366901,0.94303385,0.28899997,0.99107143
SCN_yao_0059,Yaounde,UNet_S2,run_SCN_UNet_S2_fold_Yaounde_K25_s1,25,1,0.20411734,126,395,96,8249,0.20421394,0.33916555,0.24184261,0.56756757,0.51614772,0.96202257,0.35699999,1.00000000
SCN_yao_0059,Yaounde,UNet_S1S2,run_SCN_UNet_S1S2_fold_Yaounde_K25_s1,25,1,0.21948560,134,389,88,8255,0.21931260,0.35973154,0.25621415,0.60360360,0.52819925,0.96202257,0.35699999,1.00000000
SCN_yao_0059,Yaounde,CROMA,run_SCN_CROMA_fold_Yaounde_K25_s1,25,1,0.28461262,136,256,86,8388,0.28451883,0.44299674,0.34693878,0.61261261,0.56039225,0.96202257,0.35699999,1.00000000
SCN_yao_0059,Yaounde,OA_MAE,run_SCN_OA_MAE_fold_Yaounde_K25_s1,25,1,0.29550265,144,265,78,8379,0.29568789,0.45641838,0.35207824,0.64864865,0.62099204,0.96202257,0.35699999,1.00000000
SCN_yao_0060,Yaounde,UNet_S2,run_SCN_UNet_S2_fold_Yaounde_K25_s1,25,1,0.16464291,47,202,36,1852,0.16491228,0.28313253,0.18875502,0.56626506,0.44704270,0.23187934,0.80100000,0.31558935
SCN_yao_0060,Yaounde,UNet_S1S2,run_SCN_UNet_S1S2_fold_Yaounde_K25_s1,25,1,0.21862791,50,146,33,1908,0.21834061,0.35842294,0.25510204,0.60240964,0.52813453,0.23187934,0.80100000,0.31558935
SCN_yao_0060,Yaounde,CROMA,run_SCN_CROMA_fold_Yaounde_K25_s1,25,1,0.28827736,53,101,30,1953,0.28804348,0.44725738,0.34415584,0.63855422,0.61238231,0.23187934,0.80100000,0.31558935
SCN_yao_0060,Yaounde,OA_MAE,run_SCN_OA_MAE_fold_Yaounde_K25_s1,25,1,0.31274448,54,90,29,1964,0.31213873,0.47577093,0.37500000,0.65060241,0.62334061,0.23187934,0.80100000,0.31558935
SCN_yao_0061,Yaounde,UNet_S2,run_SCN_UNet_S2_fold_Yaounde_K25_s1,25,1,0.20308676,53,173,35,3384,0.20306513,0.33757962,0.23451327,0.60227273,0.53079317,0.39550781,0.73499995,0.37606838
SCN_yao_0061,Yaounde,UNet_S1S2,run_SCN_UNet_S1S2_fold_Yaounde_K25_s1,25,1,0.23353835,53,139,35,3418,0.23348018,0.37857143,0.27604167,0.60227273,0.54042412,0.39550781,0.73499995,0.37606838
SCN_yao_0061,Yaounde,CROMA,run_SCN_CROMA_fold_Yaounde_K25_s1,25,1,0.28856936,56,106,32,3451,0.28865979,0.44800000,0.34567901,0.63636364,0.59575303,0.39550781,0.73499995,0.37606838
SCN_yao_0061,Yaounde,OA_MAE,run_SCN_OA_MAE_fold_Yaounde_K25_s1,25,1,0.27989293,55,109,33,3448,0.27918782,0.43650794,0.33536585,0.62500000,0.56900539,0.39550781,0.73499995,0.37606838
SCN_yao_0062,Yaounde,UNet_S2,run_SCN_UNet_S2_fold_Yaounde_K25_s1,25,1,0.20278824,126,411,84,8506,0.20289855,0.33734940,0.23463687,0.60000000,0.50244626,0.99034288,0.25599998,1.00000000
SCN_yao_0062,Yaounde,UNet_S1S2,run_SCN_UNet_S1S2_fold_Yaounde_K25_s1,25,1,0.24704013,130,316,80,8601,0.24714829,0.39634146,0.29147982,0.61904762,0.54595699,0.99034288,0.25599998,1.00000000
SCN_yao_0062,Yaounde,CROMA,run_SCN_CROMA_fold_Yaounde_K25_s1,25,1,0.28926226,132,246,78,8671,0.28947368,0.44897959,0.34920635,0.62857143,0.59637196,0.99034288,0.25599998,1.00000000
SCN_yao_0062,Yaounde,OA_MAE,run_SCN_OA_MAE_fold_Yaounde_K25_s1,25,1,0.31297044,133,215,77,8702,0.31294118,0.47670251,0.38218391,0.63333333,0.59028707,0.99034288,0.25599998,1.00000000
SCN_yao_0063,Yaounde,UNet_S2,run_SCN_UNet_S2_fold_Yaounde_K25_s1,25,1,0.18951630,52,186,36,639,0.18978102,0.31901840,0.21848739,0.59090909,0.55499327,0.09906684,0.84830099,0.35918367
SCN_yao_0063,Yaounde,UNet_S1S2,run_SCN_UNet_S1S2_fold_Yaounde_K25_s1,25,1,0.20566395,51,160,37,665,0.20564516,0.34113712,0.24170616,0.57954545,0.58395669,0.09906684,0.84830099,0.35918367
SCN_yao_0063,Yaounde,CROMA,run_SCN_CROMA_fold_Yaounde_K25_s1,25,1,0.28154860,57,114,31,711,0.28217822,0.44015444,0.33333333,0.64772727,0.66461600,0.09906684,0.84830099,0.35918367
SCN_yao_0063,Yaounde,OA_MAE,run_SCN_OA_MAE_fold_Yaounde_K25_s1,25,1,0.28371145,55,106,33,719,0.28350515,0.44176707,0.34161491,0.62500000,0.59125819,0.09906684,0.84830099,0.35918367
SCN_yao_0064,Yaounde,UNet_S2,run_SCN_UNet_S2_fold_Yaounde_K25_s1,25,1,0.18385711,133,487,103,8493,0.18395574,0.31074766,0.21451613,0.56355932,0.50443035,1.00000000,0.06100000,1.00000000
SCN_yao_0064,Yaounde,UNet_S1S2,run_SCN_UNet_S1S2_fold_Yaounde_K25_s1,25,1,0.22732330,138,371,98,8609,0.22734761,0.37046980,0.27111984,0.58474576,0.53687039,1.00000000,0.06100000,1.00000000
SCN_yao_0064,Yaounde,CROMA,run_SCN_CROMA_fold_Yaounde_K25_s1,25,1,0.26098589,146,323,90,8657,0.26118068,0.41418440,0.31130064,0.61864407,0.58441824,1.00000000,0.06100000,1.00000000
SCN_yao_0064,Yaounde,OA_MAE,run_SCN_OA_MAE_fold_Yaounde_K25_s1,25,1,0.31274043,149,240,87,8740,0.31302521,0.47680000,0.38303342,0.63135593,0.59975075,1.00000000,0.06100000,1.00000000
SCN_yao_0065,Yaounde,UNet_S2,run_SCN_UNet_S2_fold_Yaounde_K25_s1,25,1,0.19965406,94,310,67,8616,0.19957537,0.33274336,0.23267327,0.58385093,0.53700839,0.98600260,0.24100001,1.00000000
SCN_yao_0065,Yaounde,UNet_S1S2,run_SCN_UNet_S1S2_fold_Yaounde_K25_s1,25,1,0.25277081,96,219,65,8707,0.25263158,0.40336134,0.30476190,0.59627329,0.56432232,0.98600260,0.24100001,1.00000000
SCN_yao_0065,Yaounde,CROMA,run_SCN_CROMA_fold_Yaounde_K25_s1,25,1,0.28307163,103,203,58,8723,0.28296703,0.44111349,0.33660131,0.63975155,0.60713673,0.98600260,0.24100001,1.00000000
SCN_yao_0065,Yaounde,OA_MAE,run_SCN_OA_MAE_fold_Yaounde_K25_s1,25,1,0.27979007,98,189,63,8737,0.28000000,0.43750000,0.34146341,0.60869565,0.58860613,0.98600260,0.24100001,1.00000000
SCN_yao_0066,Yaounde,UNet_S2,run_SCN_UNet_S2_fold_Yaounde_K25_s1,25,1,0.16462697,50,217,37,1575,0.16447368,0.28248588,0.18726592,0.57471264,0.50723713,0.20388455,0.81632197,0.35802469
SCN_yao_0066,Yaounde,UNet_S1S2,run_SCN_UNet_S1S2_fold_Yaounde_K25_s1,25,1,0.25237925,53,123,34,1669,0.25238095,0.40304183,0.30113636,0.60919540,0.58728303,0.20388455,0.81632197,0.35802469
SCN_yao_0066,Yaounde,CROMA,run_SCN_CROMA_fold_Yaounde_K25_s1,25,1,0.26460037,53,113,34,1679,0.26500000,0.41897233,0.31927711,0.60919540,0.57261155,0.20388455,0.81632197,0.35802469
SCN_yao_0066,Yaounde,OA_MAE,run_SCN_OA_MAE_fold_Yaounde_K25_s1,25,1,0.30007460,54,93,33,1699,0.30000000,0.46153846,0.36734694,0.62068966,0.60788139,0.20388455,0.81632197,0.35802469
SCN_yao_0067,Yaounde,UNet_S2,run_SCN_UNet_S2_fold_Yaounde_K25_s1,25,1,0.16506965,125,540,92,8459,0.16512550,0.28344671,0.18796992,0.57603687,0.47061613,1.00000000,0.23999998,1.00000000
SCN_yao_0067,Yaounde,UNet_S1S2,run_SCN_UNet_S1S2_fold_Yaounde_K25_s1,25,1,0.24269356,132,327,85,8672,0.24264706,0.39053254,0.28758170,0.60829493,0.56293275,1.00000000,0.23999998,1.00000000
SCN_yao_0067,Yaounde,CROMA,run_SCN_CROMA_fold_Yaounde_K25_s1,25,1,0.28664654,140,271,77,8728,0.28688525,0.44585987,0.34063260,0.64516129,0.60505043,1.00000000,0.23999998,1.00000000
SCN_yao_0067,Yaounde,OA_MAE,run_SCN_OA_MAE_fold_Yaounde_K25_s1,25,1,0.26873772,137,293,80,8706,0.26862745,0.42349304,0.31860465,0.63133641,0.57386215,1.00000000,0.23999998,1.00000000
SCN_yao_0068,Yaounde,UNet_S2,run_SCN_UNet_S2_fold_Yaounde_K25_s1,25,1,0.20139624,57,187,39,5154,0.20141343,0.33529412,0.23360656,0.59375000,0.56714614,0.58995226,0.60200000,0.55172414
SCN_yao_0068,Yaounde,UNet_S1S2,run_SCN_UNet_S1S2_fold_Yaounde_K25_s1,25,1,0.22709137,56,151,40,5190,0.22672065,0.36963696,0.27053140,0.58333333,0.52291891,0.58995226,0.60200000,0.55172414
SCN_yao_0068,Yaounde,CROMA,run_SCN_CROMA_fold_Yaounde_K25_s1,25,1,0.25974665,57,123,39,5218,0.26027397,0.41304348,0.31666667,0.59375000,0.53711218,0.58995226,0.60200000,0.55172414
SCN_yao_0068,Yaounde,OA_MAE,run_SCN_OA_MAE_fold_Yaounde_K25_s1,25,1,0.29052279,59,107,37,5234,0.29064039,0.45038168,0.35542169,0.61458333,0.57905424,0.58995226,0.60200000,0.55172414
SCN_yao_0069,Yaounde,UNet_S2,run_SCN_UNet_S2_fold_Yaounde_K25_s1,25,1,0.20970785,47,142,35,1468,0.20982143,0.34686347,0.24867725,0.57317073,0.53919126,0.18359375,0.76559705,0.44808743
SCN_yao_0069,Yaounde,UNet_S1S2,run_SCN_UNet_S1S2_fold_Yaounde_K25_s1,25,1,0.22634931,49,134,33,1476,0.22685185,0.36981132,0.26775956,0.59756098,0.53926066,0.18359375,0.76559705,0.44808743
SCN_yao_0069,Yaounde,CROMA,run_SCN_CROMA_fold_Yaounde_K25_s1,25,1,0.29058841,53,100,29,1510,0.29120879,0.45106383,0.34640523,0.64634146,0.62143179,0.18359375,0.76559705,0.44808743
SCN_yao_0069,Yaounde,OA_MAE,run_SCN_OA_MAE_fold_Yaounde_K25_s1,25,1,0.31313569,53,87,29,1523,0.31360947,0.47747748,0.37857143,0.64634146,0.63893140,0.18359375,0.76559705,0.44808743
