sample_id,source_bundle,derived_bundle,sha256,height,width,token_size,v12_matches_source,safety_weight_map_status,native_gate_status
SCN_dak_0058,qualitative_benchmark/oa_mae_revision/data/arrays/SCN_dak_0058.npz,derived_scene_sidecars/SCN_dak_0058_derived.npz,3f53d6ecb01ab63915fbf34747f4dde88e466a22efcc0fc439f90133d5223f6a,96,96,16,False,required_from_observed_historical_sar,required_from_executed_model
SCN_dak_0059,qualitative_benchmark/oa_mae_revision/data/arrays/SCN_dak_0059.npz,derived_scene_sidecars/SCN_dak_0059_derived.npz,d165b992dc2e115851cc4175a756e83fd663e6cbd48bd6327d91c24fc7d0cf09,96,96,16,False,required_from_observed_historical_sar,required_from_executed_model
SCN_dak_0060,qualitative_benchmark/oa_mae_revision/data/arrays/SCN_dak_0060.npz,derived_scene_sidecars/SCN_dak_0060_derived.npz,15b28c1940d83fe188454aff6f485fe228deadcca3c04b860797ee61f811a1b6,96,96,16,False,required_from_observed_historical_sar,required_from_executed_model
SCN_dak_0061,qualitative_benchmark/oa_mae_revision/data/arrays/SCN_dak_0061.npz,derived_scene_sidecars/SCN_dak_0061_derived.npz,3af79334224f446c61df18a39a2d68d043da91a047f4d260425caf4ba5832655,96,96,16,False,required_from_observed_historical_sar,required_from_executed_model
SCN_dak_0062,qualitative_benchmark/oa_mae_revision/data/arrays/SCN_dak_0062.npz,derived_scene_sidecars/SCN_dak_0062_derived.npz,3390605407285bebf4a1938969e72777ea4d76010dcc9d27bdb88a450452c7c4,96,96,16,False,required_from_observed_historical_sar,required_from_executed_model
SCN_dak_0063,qualitative_benchmark/oa_mae_revision/data/arrays/SCN_dak_0063.npz,derived_scene_sidecars/SCN_dak_0063_derived.npz,9b75f85d1160e5865100fde6e66d7336841cf05bb3311509fb3e240174dd6075,96,96,16,False,required_from_observed_historical_sar,required_from_executed_model
SCN_dak_0064,qualitative_benchmark/oa_mae_revision/data/arrays/SCN_dak_0064.npz,derived_scene_sidecars/SCN_dak_0064_derived.npz,0e3e646ed3449335a03a76e41091a4f2d7601fc0e539e288ee9ecf8d947293b7,96,96,16,False,required_from_observed_historical_sar,required_from_executed_model
SCN_dak_0065,qualitative_benchmark/oa_mae_revision/data/arrays/SCN_dak_0065.npz,derived_scene_sidecars/SCN_dak_0065_derived.npz,897ff2ef83dea25f0f967cf8e3ebb922e78048fd3ba9ebfe1f80ac36eed76e13,96,96,16,False,required_from_observed_historical_sar,required_from_executed_model
SCN_dak_0066,qualitative_benchmark/oa_mae_revision/data/arrays/SCN_dak_0066.npz,derived_scene_sidecars/SCN_dak_0066_derived.npz,3b39b34dc756e9013061a271d28a3e520b8e42a56683fb808b8005aa2ed72348,96,96,16,False,required_from_observed_historical_sar,required_from_executed_model
SCN_dak_0067,qualitative_benchmark/oa_mae_revision/data/arrays/SCN_dak_0067.npz,derived_scene_sidecars/SCN_dak_0067_derived.npz,11cc642fe989fb96214e14a45c894c59b3334a4ff98e978bb0da538c4ba0fff9,96,96,16,False,required_from_observed_historical_sar,required_from_executed_model
SCN_dak_0068,qualitative_benchmark/oa_mae_revision/data/arrays/SCN_dak_0068.npz,derived_scene_sidecars/SCN_dak_0068_derived.npz,266a8ab9d785ab86ac58ba199975d96d1db47eb751e7cdfc6b68140cdb72bbb9,96,96,16,False,required_from_observed_historical_sar,required_from_executed_model
SCN_dak_0069,qualitative_benchmark/oa_mae_revision/data/arrays/SCN_dak_0069.npz,derived_scene_sidecars/SCN_dak_0069_derived.npz,12a1a9fa00aa7ac74561e5116f96203356a085bc305d787bd844fec72f500020,96,96,16,False,required_from_observed_historical_sar,required_from_executed_model
SCN_dar_0058,qualitative_benchmark/oa_mae_revision/data/arrays/SCN_dar_0058.npz,derived_scene_sidecars/SCN_dar_0058_derived.npz,59278782961a4851eac67b09906930104473381ed83e0234dcd247c4ed545bed,96,96,16,False,required_from_observed_historical_sar,required_from_executed_model
SCN_dar_0059,qualitative_benchmark/oa_mae_revision/data/arrays/SCN_dar_0059.npz,derived_scene_sidecars/SCN_dar_0059_derived.npz,41ae2bdc76672db65afa203eb29d6a3c74732ff1f24e505774474169f5ee14cb,96,96,16,False,required_from_observed_historical_sar,required_from_executed_model
SCN_dar_0060,qualitative_benchmark/oa_mae_revision/data/arrays/SCN_dar_0060.npz,derived_scene_sidecars/SCN_dar_0060_derived.npz,b05b5f2cd4e7c3a7f698bc77782be92120d5b489aa5dc76bdf4296e83d05b701,96,96,16,False,required_from_observed_historical_sar,required_from_executed_model
SCN_dar_0061,qualitative_benchmark/oa_mae_revision/data/arrays/SCN_dar_0061.npz,derived_scene_sidecars/SCN_dar_0061_derived.npz,54625893a62612acb4a4e4e1112cba8a54bd26c5d65093c6bd0e7fa978dff4c4,96,96,16,False,required_from_observed_historical_sar,required_from_executed_model
SCN_dar_0062,qualitative_benchmark/oa_mae_revision/data/arrays/SCN_dar_0062.npz,derived_scene_sidecars/SCN_dar_0062_derived.npz,164c2b8964d91be9cf60448739e6da92d8637abd7056c1d14a7193b2eeea1f43,96,96,16,False,required_from_observed_historical_sar,required_from_executed_model
SCN_dar_0063,qualitative_benchmark/oa_mae_revision/data/arrays/SCN_dar_0063.npz,derived_scene_sidecars/SCN_dar_0063_derived.npz,afc4aa360d3d4f999669a0068eb133c49693f198f8df14295e06b8d5c96ed6b2,96,96,16,False,required_from_observed_historical_sar,required_from_executed_model
SCN_dar_0064,qualitative_benchmark/oa_mae_revision/data/arrays/SCN_dar_0064.npz,derived_scene_sidecars/SCN_dar_0064_derived.npz,f09c0fa8d31c107347e880bc184df07985bf09b1980948db15992f24f48b06af,96,96,16,False,required_from_observed_historical_sar,required_from_executed_model
SCN_dar_0065,qualitative_benchmark/oa_mae_revision/data/arrays/SCN_dar_0065.npz,derived_scene_sidecars/SCN_dar_0065_derived.npz,30831ca714b40e45877c0a77df11a895fc6e720697dd5e9a4a348832fc1aaea5,96,96,16,False,required_from_observed_historical_sar,required_from_executed_model
SCN_dar_0066,qualitative_benchmark/oa_mae_revision/data/arrays/SCN_dar_0066.npz,derived_scene_sidecars/SCN_dar_0066_derived.npz,fab81793371b598cc5d8353584d2020842b190788130ca0d80d5c6f65c4b4451,96,96,16,False,required_from_observed_historical_sar,required_from_executed_model
SCN_dar_0067,qualitative_benchmark/oa_mae_revision/data/arrays/SCN_dar_0067.npz,derived_scene_sidecars/SCN_dar_0067_derived.npz,bac1242171e0a6efe73430227b61cc37e2f8798156a73242319aba0c8bcd8d5b,96,96,16,False,required_from_observed_historical_sar,required_from_executed_model
SCN_dar_0068,qualitative_benchmark/oa_mae_revision/data/arrays/SCN_dar_0068.npz,derived_scene_sidecars/SCN_dar_0068_derived.npz,ee0f9327e0f727bdf4c1675f2dc7d1295d5cac67fb6be9c51bf2ce2c92a33dc4,96,96,16,False,required_from_observed_historical_sar,required_from_executed_model
SCN_dar_0069,qualitative_benchmark/oa_mae_revision/data/arrays/SCN_dar_0069.npz,derived_scene_sidecars/SCN_dar_0069_derived.npz,4bd368a8e13c43b2827f874f90b0eead3317a62d8a31e12ebe6d941b835f823c,96,96,16,False,required_from_observed_historical_sar,required_from_executed_model
SCN_dou_0058,qualitative_benchmark/oa_mae_revision/data/arrays/SCN_dou_0058.npz,derived_scene_sidecars/SCN_dou_0058_derived.npz,2503dcc8aa817f56073164a118824b8d48d775cffddb8d9e378b0cf1cae1f0c5,96,96,16,False,required_from_observed_historical_sar,required_from_executed_model
SCN_dou_0059,qualitative_benchmark/oa_mae_revision/data/arrays/SCN_dou_0059.npz,derived_scene_sidecars/SCN_dou_0059_derived.npz,63731d59e3e13034f4f77e7910e46dbaa0fd64a2f7af58b8301b27555b90146d,96,96,16,False,required_from_observed_historical_sar,required_from_executed_model
SCN_dou_0060,qualitative_benchmark/oa_mae_revision/data/arrays/SCN_dou_0060.npz,derived_scene_sidecars/SCN_dou_0060_derived.npz,fce2b02b2032425bcd29d27d2e45b65d2a2fbed161fe27741948f920c85d7924,96,96,16,False,required_from_observed_historical_sar,required_from_executed_model
SCN_dou_0061,qualitative_benchmark/oa_mae_revision/data/arrays/SCN_dou_0061.npz,derived_scene_sidecars/SCN_dou_0061_derived.npz,b724c87bcc109f31930c36ee22e7913f6e6d7979a2a874a016143fcd2f4366d4,96,96,16,False,required_from_observed_historical_sar,required_from_executed_model
SCN_dou_0062,qualitative_benchmark/oa_mae_revision/data/arrays/SCN_dou_0062.npz,derived_scene_sidecars/SCN_dou_0062_derived.npz,a8de1c26594fbf47ebf2d965fb2e46bba208ce3185da6870c33c565d43ff03ba,96,96,16,False,required_from_observed_historical_sar,required_from_executed_model
SCN_dou_0063,qualitative_benchmark/oa_mae_revision/data/arrays/SCN_dou_0063.npz,derived_scene_sidecars/SCN_dou_0063_derived.npz,103779d3d681f2a80087d225d1efcd176e87f7f0c74494cb1b2fbba66c5023f8,96,96,16,False,required_from_observed_historical_sar,required_from_executed_model
SCN_dou_0064,qualitative_benchmark/oa_mae_revision/data/arrays/SCN_dou_0064.npz,derived_scene_sidecars/SCN_dou_0064_derived.npz,8a4cd57c3585fbff3ea57f1bf4d77fa0ae7de16ecc9bb4a9b7be4a48e1561b7c,96,96,16,False,required_from_observed_historical_sar,required_from_executed_model
SCN_dou_0065,qualitative_benchmark/oa_mae_revision/data/arrays/SCN_dou_0065.npz,derived_scene_sidecars/SCN_dou_0065_derived.npz,e9823a5f92904d83e79f0c57e9a39382c6684a1881aa9e8b30531b9adff56edd,96,96,16,False,required_from_observed_historical_sar,required_from_executed_model
SCN_dou_0066,qualitative_benchmark/oa_mae_revision/data/arrays/SCN_dou_0066.npz,derived_scene_sidecars/SCN_dou_0066_derived.npz,5e75396bdf220f36778f66e3c7ed837096f4c4bea9eea45d93c541e0a5e33111,96,96,16,False,required_from_observed_historical_sar,required_from_executed_model
SCN_dou_0067,qualitative_benchmark/oa_mae_revision/data/arrays/SCN_dou_0067.npz,derived_scene_sidecars/SCN_dou_0067_derived.npz,5a0927e0ced3ee53355239d6ab70b1455c997f4de9fc42007b044e633e491844,96,96,16,False,required_from_observed_historical_sar,required_from_executed_model
SCN_dou_0068,qualitative_benchmark/oa_mae_revision/data/arrays/SCN_dou_0068.npz,derived_scene_sidecars/SCN_dou_0068_derived.npz,0b0e25072f63c3e3eb40cdc9a42144f2cf5953617e864dc4c460b595a008427e,96,96,16,False,required_from_observed_historical_sar,required_from_executed_model
SCN_dou_0069,qualitative_benchmark/oa_mae_revision/data/arrays/SCN_dou_0069.npz,derived_scene_sidecars/SCN_dou_0069_derived.npz,fdae7e87d31dc51f76c2297eb5891a773dbae7fcc0d6cc4c6e9a9c55dc9a8b90,96,96,16,False,required_from_observed_historical_sar,required_from_executed_model
SCN_gar_0058,qualitative_benchmark/oa_mae_revision/data/arrays/SCN_gar_0058.npz,derived_scene_sidecars/SCN_gar_0058_derived.npz,f18c973c62c3fd37e7e886f2bd5faa7f8e7a7606f3b810b8f54003c7a175867c,96,96,16,False,required_from_observed_historical_sar,required_from_executed_model
SCN_gar_0059,qualitative_benchmark/oa_mae_revision/data/arrays/SCN_gar_0059.npz,derived_scene_sidecars/SCN_gar_0059_derived.npz,0a240de3c96a9b0f64a43690f7a55d32d8fc7abc50a2f54b29c6986b514db8a5,96,96,16,True,required_from_observed_historical_sar,required_from_executed_model
SCN_gar_0060,qualitative_benchmark/oa_mae_revision/data/arrays/SCN_gar_0060.npz,derived_scene_sidecars/SCN_gar_0060_derived.npz,2e08428771c7ee0dc4ec9dfc9bc598a27a9d70a40cbeff2b592095e2e63af367,96,96,16,False,required_from_observed_historical_sar,required_from_executed_model
SCN_gar_0061,qualitative_benchmark/oa_mae_revision/data/arrays/SCN_gar_0061.npz,derived_scene_sidecars/SCN_gar_0061_derived.npz,3f028f2ad44a569f191b9cfbeb6e827afafd80fc7b529101233401345fa807b9,96,96,16,False,required_from_observed_historical_sar,required_from_executed_model
SCN_gar_0062,qualitative_benchmark/oa_mae_revision/data/arrays/SCN_gar_0062.npz,derived_scene_sidecars/SCN_gar_0062_derived.npz,89c1c01fc9c6d0809d1f193bf69879ca18977998b04310c4f4a5370c6ce907d3,96,96,16,False,required_from_observed_historical_sar,required_from_executed_model
SCN_gar_0063,qualitative_benchmark/oa_mae_revision/data/arrays/SCN_gar_0063.npz,derived_scene_sidecars/SCN_gar_0063_derived.npz,396e58ba273863235672ffdc71e7d1c1ad9a4634aeb7da72a58f070855211425,96,96,16,False,required_from_observed_historical_sar,required_from_executed_model
SCN_gar_0064,qualitative_benchmark/oa_mae_revision/data/arrays/SCN_gar_0064.npz,derived_scene_sidecars/SCN_gar_0064_derived.npz,8c9e9495dcf618b4c4ebd560d170c9da50d3fc2897f0ce1f867274f15d109f76,96,96,16,False,required_from_observed_historical_sar,required_from_executed_model
SCN_gar_0065,qualitative_benchmark/oa_mae_revision/data/arrays/SCN_gar_0065.npz,derived_scene_sidecars/SCN_gar_0065_derived.npz,65f2b9dac19655f15d483aae929aa49690cd635e8c02a5a17060e14c8b1aaa10,96,96,16,False,required_from_observed_historical_sar,required_from_executed_model
SCN_gar_0066,qualitative_benchmark/oa_mae_revision/data/arrays/SCN_gar_0066.npz,derived_scene_sidecars/SCN_gar_0066_derived.npz,8c1633122569d3b059ffeb9234badda8a4eefe708e542247feac873b38fda3c5,96,96,16,False,required_from_observed_historical_sar,required_from_executed_model
SCN_gar_0067,qualitative_benchmark/oa_mae_revision/data/arrays/SCN_gar_0067.npz,derived_scene_sidecars/SCN_gar_0067_derived.npz,d17be1dae7acfbc853b82d05cd7a7975074dd631e2dd1eff60368e4f6ce1a297,96,96,16,False,required_from_observed_historical_sar,required_from_executed_model
SCN_gar_0068,qualitative_benchmark/oa_mae_revision/data/arrays/SCN_gar_0068.npz,derived_scene_sidecars/SCN_gar_0068_derived.npz,e9b989a57600f7c9d386c65662e3f90c4acd092dbb4a7018d63a781d9e3c276c,96,96,16,False,required_from_observed_historical_sar,required_from_executed_model
SCN_gar_0069,qualitative_benchmark/oa_mae_revision/data/arrays/SCN_gar_0069.npz,derived_scene_sidecars/SCN_gar_0069_derived.npz,b4c4e11218a1f026ff789e75f5588a12f712b16d6d623ad5909bf061fbc7d7ac,96,96,16,False,required_from_observed_historical_sar,required_from_executed_model
SCN_kig_0058,qualitative_benchmark/oa_mae_revision/data/arrays/SCN_kig_0058.npz,derived_scene_sidecars/SCN_kig_0058_derived.npz,7aafd7dd615defa97f02d9eda79f4829213f897a74c574a34b28ea1f18e5b9cf,96,96,16,False,required_from_observed_historical_sar,required_from_executed_model
SCN_kig_0059,qualitative_benchmark/oa_mae_revision/data/arrays/SCN_kig_0059.npz,derived_scene_sidecars/SCN_kig_0059_derived.npz,a4dc9d6d34e2e6739b71ba0e9286b5c295289ef90a9687266f5ef3332d841cca,96,96,16,False,required_from_observed_historical_sar,required_from_executed_model
SCN_kig_0060,qualitative_benchmark/oa_mae_revision/data/arrays/SCN_kig_0060.npz,derived_scene_sidecars/SCN_kig_0060_derived.npz,8c157bab98a3c6c32c39b271c2a02a31759fb09f9fbfbe92c820b01beb0b5106,96,96,16,False,required_from_observed_historical_sar,required_from_executed_model
SCN_kig_0061,qualitative_benchmark/oa_mae_revision/data/arrays/SCN_kig_0061.npz,derived_scene_sidecars/SCN_kig_0061_derived.npz,d49396ce7dede49d2895e8b32b5b916f45496d511a815f9fcf10450fb7634e8e,96,96,16,False,required_from_observed_historical_sar,required_from_executed_model
SCN_kig_0062,qualitative_benchmark/oa_mae_revision/data/arrays/SCN_kig_0062.npz,derived_scene_sidecars/SCN_kig_0062_derived.npz,b2a2907d2faa25473a1265cf474bd9cace12864038c195dc604cd4f9d0f72523,96,96,16,False,required_from_observed_historical_sar,required_from_executed_model
SCN_kig_0063,qualitative_benchmark/oa_mae_revision/data/arrays/SCN_kig_0063.npz,derived_scene_sidecars/SCN_kig_0063_derived.npz,4af895ae9a1c9ce8a43481cad06bd2bcbcdd79ed4072e572eeb921c649956929,96,96,16,False,required_from_observed_historical_sar,required_from_executed_model
SCN_kig_0064,qualitative_benchmark/oa_mae_revision/data/arrays/SCN_kig_0064.npz,derived_scene_sidecars/SCN_kig_0064_derived.npz,6bdc757ae53f0366c569d18da27fb8676c4408abbdc2bec31ccb20e77636ce74,96,96,16,False,required_from_observed_historical_sar,required_from_executed_model
SCN_kig_0065,qualitative_benchmark/oa_mae_revision/data/arrays/SCN_kig_0065.npz,derived_scene_sidecars/SCN_kig_0065_derived.npz,bb8628bd09a682f4d4489a702822fe5eacf46f9edeb4e92b501365bed01b583a,96,96,16,False,required_from_observed_historical_sar,required_from_executed_model
SCN_kig_0066,qualitative_benchmark/oa_mae_revision/data/arrays/SCN_kig_0066.npz,derived_scene_sidecars/SCN_kig_0066_derived.npz,aa827aa6f60bfc56201d16a7c7b1605e68853b50ace5dd211eb1220bec409e3e,96,96,16,False,required_from_observed_historical_sar,required_from_executed_model
SCN_kig_0067,qualitative_benchmark/oa_mae_revision/data/arrays/SCN_kig_0067.npz,derived_scene_sidecars/SCN_kig_0067_derived.npz,11555d21776a84012d80dc44098940a4820a23da655521e80543e04fc4b278db,96,96,16,False,required_from_observed_historical_sar,required_from_executed_model
SCN_kig_0068,qualitative_benchmark/oa_mae_revision/data/arrays/SCN_kig_0068.npz,derived_scene_sidecars/SCN_kig_0068_derived.npz,ab29e4bf7a6a97bf017fdd4dfc7e00ec5f699194cefc1198731ac70cb60a8739,96,96,16,False,required_from_observed_historical_sar,required_from_executed_model
SCN_kig_0069,qualitative_benchmark/oa_mae_revision/data/arrays/SCN_kig_0069.npz,derived_scene_sidecars/SCN_kig_0069_derived.npz,6830b8bfd1f6a141266db024d9dde18777c13c4a57538187c325e348afd0c1dc,96,96,16,False,required_from_observed_historical_sar,required_from_executed_model
SCN_yao_0058,qualitative_benchmark/oa_mae_revision/data/arrays/SCN_yao_0058.npz,derived_scene_sidecars/SCN_yao_0058_derived.npz,bbee3252b4c0c7102d5cd4657f8246f79f41b95e9d45d30807fb80900c8e18b7,96,96,16,False,required_from_observed_historical_sar,required_from_executed_model
SCN_yao_0059,qualitative_benchmark/oa_mae_revision/data/arrays/SCN_yao_0059.npz,derived_scene_sidecars/SCN_yao_0059_derived.npz,5167bc30f29fddfc6afef1de44d58aa1fc5e3ad71f2536dbce6fd4206144eaa8,96,96,16,False,required_from_observed_historical_sar,required_from_executed_model
SCN_yao_0060,qualitative_benchmark/oa_mae_revision/data/arrays/SCN_yao_0060.npz,derived_scene_sidecars/SCN_yao_0060_derived.npz,8b3243a98d0a0d6909042a41aa2e6c96ff5c4b9425aa3718ef65a34408cfc43a,96,96,16,False,required_from_observed_historical_sar,required_from_executed_model
SCN_yao_0061,qualitative_benchmark/oa_mae_revision/data/arrays/SCN_yao_0061.npz,derived_scene_sidecars/SCN_yao_0061_derived.npz,99b4808038684bb9618d46f62de60b441312228937991017f3a0d7ea10a16400,96,96,16,False,required_from_observed_historical_sar,required_from_executed_model
SCN_yao_0062,qualitative_benchmark/oa_mae_revision/data/arrays/SCN_yao_0062.npz,derived_scene_sidecars/SCN_yao_0062_derived.npz,53151dbfbe9fb12a5afb2cc90db15a1b48e86d89ab23646feb8aaaf7db4b94fe,96,96,16,False,required_from_observed_historical_sar,required_from_executed_model
SCN_yao_0063,qualitative_benchmark/oa_mae_revision/data/arrays/SCN_yao_0063.npz,derived_scene_sidecars/SCN_yao_0063_derived.npz,75da03d1b91c781fdf8a0c0e29db1827f74c442d0ed197156c556ac6d9fef584,96,96,16,False,required_from_observed_historical_sar,required_from_executed_model
SCN_yao_0064,qualitative_benchmark/oa_mae_revision/data/arrays/SCN_yao_0064.npz,derived_scene_sidecars/SCN_yao_0064_derived.npz,b3f2d87c31f60d971e114c5497ce47eb67c69e1ed12b716af670aef07be2dae7,96,96,16,False,required_from_observed_historical_sar,required_from_executed_model
SCN_yao_0065,qualitative_benchmark/oa_mae_revision/data/arrays/SCN_yao_0065.npz,derived_scene_sidecars/SCN_yao_0065_derived.npz,2d3baa2e615ebebd4675e8bf300ed485fc2b0575c45c7b9c446b9a3507cc7081,96,96,16,False,required_from_observed_historical_sar,required_from_executed_model
SCN_yao_0066,qualitative_benchmark/oa_mae_revision/data/arrays/SCN_yao_0066.npz,derived_scene_sidecars/SCN_yao_0066_derived.npz,a803d5b28f22b3dbdcfdbd19487fbd0111ffb1cbc5da79dbb73ddb0c8d07ce14,96,96,16,False,required_from_observed_historical_sar,required_from_executed_model
SCN_yao_0067,qualitative_benchmark/oa_mae_revision/data/arrays/SCN_yao_0067.npz,derived_scene_sidecars/SCN_yao_0067_derived.npz,b541db2113844d2a95f1fe973192e8efbe478cf156b23ee1a7cffa92c9c1ca8b,96,96,16,False,required_from_observed_historical_sar,required_from_executed_model
SCN_yao_0068,qualitative_benchmark/oa_mae_revision/data/arrays/SCN_yao_0068.npz,derived_scene_sidecars/SCN_yao_0068_derived.npz,1cfe008de6796e40dfdea37a6733fe85b26ec3ccb6cfa3c74cba0338fba9544f,96,96,16,False,required_from_observed_historical_sar,required_from_executed_model
SCN_yao_0069,qualitative_benchmark/oa_mae_revision/data/arrays/SCN_yao_0069.npz,derived_scene_sidecars/SCN_yao_0069_derived.npz,7cf24f856a89ba947cd0cbb409ce980beb684c9b985715836b7cd2ca5b938b5b,96,96,16,False,required_from_observed_historical_sar,required_from_executed_model
