sample_id,city,timepoint,sensor,source_mode
SCN_dak_0058,dak,T1,S2,reference
SCN_dak_0058,dak,T2,S2,reference
SCN_dak_0058,dak,T1,S1,reference
SCN_dak_0058,dak,T2,S1,reference
SCN_dak_0058,dak,T1,CLOUD,reference
SCN_dak_0058,dak,T2,CLOUD,reference
SCN_dak_0059,dak,T1,S2,reference
SCN_dak_0059,dak,T2,S2,reference
SCN_dak_0059,dak,T1,S1,reference
SCN_dak_0059,dak,T2,S1,reference
SCN_dak_0059,dak,T1,CLOUD,reference
SCN_dak_0059,dak,T2,CLOUD,reference
SCN_dak_0060,dak,T1,S2,reference
SCN_dak_0060,dak,T2,S2,reference
SCN_dak_0060,dak,T1,S1,reference
SCN_dak_0060,dak,T2,S1,reference
SCN_dak_0060,dak,T1,CLOUD,reference
SCN_dak_0060,dak,T2,CLOUD,reference
SCN_dak_0061,dak,T1,S2,reference
SCN_dak_0061,dak,T2,S2,reference
SCN_dak_0061,dak,T1,S1,reference
SCN_dak_0061,dak,T2,S1,reference
SCN_dak_0061,dak,T1,CLOUD,reference
SCN_dak_0061,dak,T2,CLOUD,reference
SCN_dak_0062,dak,T1,S2,reference
SCN_dak_0062,dak,T2,S2,reference
SCN_dak_0062,dak,T1,S1,reference
SCN_dak_0062,dak,T2,S1,reference
SCN_dak_0062,dak,T1,CLOUD,reference
SCN_dak_0062,dak,T2,CLOUD,reference
SCN_dak_0063,dak,T1,S2,reference
SCN_dak_0063,dak,T2,S2,reference
SCN_dak_0063,dak,T1,S1,reference
SCN_dak_0063,dak,T2,S1,reference
SCN_dak_0063,dak,T1,CLOUD,reference
SCN_dak_0063,dak,T2,CLOUD,reference
SCN_dak_0064,dak,T1,S2,reference
SCN_dak_0064,dak,T2,S2,reference
SCN_dak_0064,dak,T1,S1,reference
SCN_dak_0064,dak,T2,S1,reference
SCN_dak_0064,dak,T1,CLOUD,reference
SCN_dak_0064,dak,T2,CLOUD,reference
SCN_dak_0065,dak,T1,S2,reference
SCN_dak_0065,dak,T2,S2,reference
SCN_dak_0065,dak,T1,S1,reference
SCN_dak_0065,dak,T2,S1,reference
SCN_dak_0065,dak,T1,CLOUD,reference
SCN_dak_0065,dak,T2,CLOUD,reference
SCN_dak_0066,dak,T1,S2,reference
SCN_dak_0066,dak,T2,S2,reference
SCN_dak_0066,dak,T1,S1,reference
SCN_dak_0066,dak,T2,S1,reference
SCN_dak_0066,dak,T1,CLOUD,reference
SCN_dak_0066,dak,T2,CLOUD,reference
SCN_dak_0067,dak,T1,S2,reference
SCN_dak_0067,dak,T2,S2,reference
SCN_dak_0067,dak,T1,S1,reference
SCN_dak_0067,dak,T2,S1,reference
SCN_dak_0067,dak,T1,CLOUD,reference
SCN_dak_0067,dak,T2,CLOUD,reference
SCN_dak_0068,dak,T1,S2,reference
SCN_dak_0068,dak,T2,S2,reference
SCN_dak_0068,dak,T1,S1,reference
SCN_dak_0068,dak,T2,S1,reference
SCN_dak_0068,dak,T1,CLOUD,reference
SCN_dak_0068,dak,T2,CLOUD,reference
SCN_dak_0069,dak,T1,S2,reference
SCN_dak_0069,dak,T2,S2,reference
SCN_dak_0069,dak,T1,S1,reference
SCN_dak_0069,dak,T2,S1,reference
SCN_dak_0069,dak,T1,CLOUD,reference
SCN_dak_0069,dak,T2,CLOUD,reference
SCN_dar_0058,dar,T1,S2,reference
SCN_dar_0058,dar,T2,S2,reference
SCN_dar_0058,dar,T1,S1,reference
SCN_dar_0058,dar,T2,S1,reference
SCN_dar_0058,dar,T1,CLOUD,reference
SCN_dar_0058,dar,T2,CLOUD,reference
SCN_dar_0059,dar,T1,S2,reference
SCN_dar_0059,dar,T2,S2,reference
SCN_dar_0059,dar,T1,S1,reference
SCN_dar_0059,dar,T2,S1,reference
SCN_dar_0059,dar,T1,CLOUD,reference
SCN_dar_0059,dar,T2,CLOUD,reference
SCN_dar_0060,dar,T1,S2,reference
SCN_dar_0060,dar,T2,S2,reference
SCN_dar_0060,dar,T1,S1,reference
SCN_dar_0060,dar,T2,S1,reference
SCN_dar_0060,dar,T1,CLOUD,reference
SCN_dar_0060,dar,T2,CLOUD,reference
SCN_dar_0061,dar,T1,S2,reference
SCN_dar_0061,dar,T2,S2,reference
SCN_dar_0061,dar,T1,S1,reference
SCN_dar_0061,dar,T2,S1,reference
SCN_dar_0061,dar,T1,CLOUD,reference
SCN_dar_0061,dar,T2,CLOUD,reference
SCN_dar_0062,dar,T1,S2,reference
SCN_dar_0062,dar,T2,S2,reference
SCN_dar_0062,dar,T1,S1,reference
SCN_dar_0062,dar,T2,S1,reference
SCN_dar_0062,dar,T1,CLOUD,reference
SCN_dar_0062,dar,T2,CLOUD,reference
SCN_dar_0063,dar,T1,S2,reference
SCN_dar_0063,dar,T2,S2,reference
SCN_dar_0063,dar,T1,S1,reference
SCN_dar_0063,dar,T2,S1,reference
SCN_dar_0063,dar,T1,CLOUD,reference
SCN_dar_0063,dar,T2,CLOUD,reference
SCN_dar_0064,dar,T1,S2,reference
SCN_dar_0064,dar,T2,S2,reference
SCN_dar_0064,dar,T1,S1,reference
SCN_dar_0064,dar,T2,S1,reference
SCN_dar_0064,dar,T1,CLOUD,reference
SCN_dar_0064,dar,T2,CLOUD,reference
SCN_dar_0065,dar,T1,S2,reference
SCN_dar_0065,dar,T2,S2,reference
SCN_dar_0065,dar,T1,S1,reference
SCN_dar_0065,dar,T2,S1,reference
SCN_dar_0065,dar,T1,CLOUD,reference
SCN_dar_0065,dar,T2,CLOUD,reference
SCN_dar_0066,dar,T1,S2,reference
SCN_dar_0066,dar,T2,S2,reference
SCN_dar_0066,dar,T1,S1,reference
SCN_dar_0066,dar,T2,S1,reference
SCN_dar_0066,dar,T1,CLOUD,reference
SCN_dar_0066,dar,T2,CLOUD,reference
SCN_dar_0067,dar,T1,S2,reference
SCN_dar_0067,dar,T2,S2,reference
SCN_dar_0067,dar,T1,S1,reference
SCN_dar_0067,dar,T2,S1,reference
SCN_dar_0067,dar,T1,CLOUD,reference
SCN_dar_0067,dar,T2,CLOUD,reference
SCN_dar_0068,dar,T1,S2,reference
SCN_dar_0068,dar,T2,S2,reference
SCN_dar_0068,dar,T1,S1,reference
SCN_dar_0068,dar,T2,S1,reference
SCN_dar_0068,dar,T1,CLOUD,reference
SCN_dar_0068,dar,T2,CLOUD,reference
SCN_dar_0069,dar,T1,S2,reference
SCN_dar_0069,dar,T2,S2,reference
SCN_dar_0069,dar,T1,S1,reference
SCN_dar_0069,dar,T2,S1,reference
SCN_dar_0069,dar,T1,CLOUD,reference
SCN_dar_0069,dar,T2,CLOUD,reference
SCN_dou_0058,dou,T1,S2,reference
SCN_dou_0058,dou,T2,S2,reference
SCN_dou_0058,dou,T1,S1,reference
SCN_dou_0058,dou,T2,S1,reference
SCN_dou_0058,dou,T1,CLOUD,reference
SCN_dou_0058,dou,T2,CLOUD,reference
SCN_dou_0059,dou,T1,S2,reference
SCN_dou_0059,dou,T2,S2,reference
SCN_dou_0059,dou,T1,S1,reference
SCN_dou_0059,dou,T2,S1,reference
SCN_dou_0059,dou,T1,CLOUD,reference
SCN_dou_0059,dou,T2,CLOUD,reference
SCN_dou_0060,dou,T1,S2,reference
SCN_dou_0060,dou,T2,S2,reference
SCN_dou_0060,dou,T1,S1,reference
SCN_dou_0060,dou,T2,S1,reference
SCN_dou_0060,dou,T1,CLOUD,reference
SCN_dou_0060,dou,T2,CLOUD,reference
SCN_dou_0061,dou,T1,S2,reference
SCN_dou_0061,dou,T2,S2,reference
SCN_dou_0061,dou,T1,S1,reference
SCN_dou_0061,dou,T2,S1,reference
SCN_dou_0061,dou,T1,CLOUD,reference
SCN_dou_0061,dou,T2,CLOUD,reference
SCN_dou_0062,dou,T1,S2,reference
SCN_dou_0062,dou,T2,S2,reference
SCN_dou_0062,dou,T1,S1,reference
SCN_dou_0062,dou,T2,S1,reference
SCN_dou_0062,dou,T1,CLOUD,reference
SCN_dou_0062,dou,T2,CLOUD,reference
SCN_dou_0063,dou,T1,S2,reference
SCN_dou_0063,dou,T2,S2,reference
SCN_dou_0063,dou,T1,S1,reference
SCN_dou_0063,dou,T2,S1,reference
SCN_dou_0063,dou,T1,CLOUD,reference
SCN_dou_0063,dou,T2,CLOUD,reference
SCN_dou_0064,dou,T1,S2,reference
SCN_dou_0064,dou,T2,S2,reference
SCN_dou_0064,dou,T1,S1,reference
SCN_dou_0064,dou,T2,S1,reference
SCN_dou_0064,dou,T1,CLOUD,reference
SCN_dou_0064,dou,T2,CLOUD,reference
SCN_dou_0065,dou,T1,S2,reference
SCN_dou_0065,dou,T2,S2,reference
SCN_dou_0065,dou,T1,S1,reference
SCN_dou_0065,dou,T2,S1,reference
SCN_dou_0065,dou,T1,CLOUD,reference
SCN_dou_0065,dou,T2,CLOUD,reference
SCN_dou_0066,dou,T1,S2,reference
SCN_dou_0066,dou,T2,S2,reference
SCN_dou_0066,dou,T1,S1,reference
SCN_dou_0066,dou,T2,S1,reference
SCN_dou_0066,dou,T1,CLOUD,reference
SCN_dou_0066,dou,T2,CLOUD,reference
SCN_dou_0067,dou,T1,S2,reference
SCN_dou_0067,dou,T2,S2,reference
SCN_dou_0067,dou,T1,S1,reference
SCN_dou_0067,dou,T2,S1,reference
SCN_dou_0067,dou,T1,CLOUD,reference
SCN_dou_0067,dou,T2,CLOUD,reference
SCN_dou_0068,dou,T1,S2,reference
SCN_dou_0068,dou,T2,S2,reference
SCN_dou_0068,dou,T1,S1,reference
SCN_dou_0068,dou,T2,S1,reference
SCN_dou_0068,dou,T1,CLOUD,reference
SCN_dou_0068,dou,T2,CLOUD,reference
SCN_dou_0069,dou,T1,S2,reference
SCN_dou_0069,dou,T2,S2,reference
SCN_dou_0069,dou,T1,S1,reference
SCN_dou_0069,dou,T2,S1,reference
SCN_dou_0069,dou,T1,CLOUD,reference
SCN_dou_0069,dou,T2,CLOUD,reference
SCN_gar_0058,gar,T1,S2,reference
SCN_gar_0058,gar,T2,S2,reference
SCN_gar_0058,gar,T1,S1,reference
SCN_gar_0058,gar,T2,S1,reference
SCN_gar_0058,gar,T1,CLOUD,reference
SCN_gar_0058,gar,T2,CLOUD,reference
SCN_gar_0059,gar,T1,S2,reference
SCN_gar_0059,gar,T2,S2,reference
SCN_gar_0059,gar,T1,S1,reference
SCN_gar_0059,gar,T2,S1,reference
SCN_gar_0059,gar,T1,CLOUD,reference
SCN_gar_0059,gar,T2,CLOUD,reference
SCN_gar_0060,gar,T1,S2,reference
SCN_gar_0060,gar,T2,S2,reference
SCN_gar_0060,gar,T1,S1,reference
SCN_gar_0060,gar,T2,S1,reference
SCN_gar_0060,gar,T1,CLOUD,reference
SCN_gar_0060,gar,T2,CLOUD,reference
SCN_gar_0061,gar,T1,S2,reference
SCN_gar_0061,gar,T2,S2,reference
SCN_gar_0061,gar,T1,S1,reference
SCN_gar_0061,gar,T2,S1,reference
SCN_gar_0061,gar,T1,CLOUD,reference
SCN_gar_0061,gar,T2,CLOUD,reference
SCN_gar_0062,gar,T1,S2,reference
SCN_gar_0062,gar,T2,S2,reference
SCN_gar_0062,gar,T1,S1,reference
SCN_gar_0062,gar,T2,S1,reference
SCN_gar_0062,gar,T1,CLOUD,reference
SCN_gar_0062,gar,T2,CLOUD,reference
SCN_gar_0063,gar,T1,S2,reference
SCN_gar_0063,gar,T2,S2,reference
SCN_gar_0063,gar,T1,S1,reference
SCN_gar_0063,gar,T2,S1,reference
SCN_gar_0063,gar,T1,CLOUD,reference
SCN_gar_0063,gar,T2,CLOUD,reference
SCN_gar_0064,gar,T1,S2,reference
SCN_gar_0064,gar,T2,S2,reference
SCN_gar_0064,gar,T1,S1,reference
SCN_gar_0064,gar,T2,S1,reference
SCN_gar_0064,gar,T1,CLOUD,reference
SCN_gar_0064,gar,T2,CLOUD,reference
SCN_gar_0065,gar,T1,S2,reference
SCN_gar_0065,gar,T2,S2,reference
SCN_gar_0065,gar,T1,S1,reference
SCN_gar_0065,gar,T2,S1,reference
SCN_gar_0065,gar,T1,CLOUD,reference
SCN_gar_0065,gar,T2,CLOUD,reference
SCN_gar_0066,gar,T1,S2,reference
SCN_gar_0066,gar,T2,S2,reference
SCN_gar_0066,gar,T1,S1,reference
SCN_gar_0066,gar,T2,S1,reference
SCN_gar_0066,gar,T1,CLOUD,reference
SCN_gar_0066,gar,T2,CLOUD,reference
SCN_gar_0067,gar,T1,S2,reference
SCN_gar_0067,gar,T2,S2,reference
SCN_gar_0067,gar,T1,S1,reference
SCN_gar_0067,gar,T2,S1,reference
SCN_gar_0067,gar,T1,CLOUD,reference
SCN_gar_0067,gar,T2,CLOUD,reference
SCN_gar_0068,gar,T1,S2,reference
SCN_gar_0068,gar,T2,S2,reference
SCN_gar_0068,gar,T1,S1,reference
SCN_gar_0068,gar,T2,S1,reference
SCN_gar_0068,gar,T1,CLOUD,reference
SCN_gar_0068,gar,T2,CLOUD,reference
SCN_gar_0069,gar,T1,S2,reference
SCN_gar_0069,gar,T2,S2,reference
SCN_gar_0069,gar,T1,S1,reference
SCN_gar_0069,gar,T2,S1,reference
SCN_gar_0069,gar,T1,CLOUD,reference
SCN_gar_0069,gar,T2,CLOUD,reference
SCN_kig_0058,kig,T1,S2,reference
SCN_kig_0058,kig,T2,S2,reference
SCN_kig_0058,kig,T1,S1,reference
SCN_kig_0058,kig,T2,S1,reference
SCN_kig_0058,kig,T1,CLOUD,reference
SCN_kig_0058,kig,T2,CLOUD,reference
SCN_kig_0059,kig,T1,S2,reference
SCN_kig_0059,kig,T2,S2,reference
SCN_kig_0059,kig,T1,S1,reference
SCN_kig_0059,kig,T2,S1,reference
SCN_kig_0059,kig,T1,CLOUD,reference
SCN_kig_0059,kig,T2,CLOUD,reference
SCN_kig_0060,kig,T1,S2,reference
SCN_kig_0060,kig,T2,S2,reference
SCN_kig_0060,kig,T1,S1,reference
SCN_kig_0060,kig,T2,S1,reference
SCN_kig_0060,kig,T1,CLOUD,reference
SCN_kig_0060,kig,T2,CLOUD,reference
SCN_kig_0061,kig,T1,S2,reference
SCN_kig_0061,kig,T2,S2,reference
SCN_kig_0061,kig,T1,S1,reference
SCN_kig_0061,kig,T2,S1,reference
SCN_kig_0061,kig,T1,CLOUD,reference
SCN_kig_0061,kig,T2,CLOUD,reference
SCN_kig_0062,kig,T1,S2,reference
SCN_kig_0062,kig,T2,S2,reference
SCN_kig_0062,kig,T1,S1,reference
SCN_kig_0062,kig,T2,S1,reference
SCN_kig_0062,kig,T1,CLOUD,reference
SCN_kig_0062,kig,T2,CLOUD,reference
SCN_kig_0063,kig,T1,S2,reference
SCN_kig_0063,kig,T2,S2,reference
SCN_kig_0063,kig,T1,S1,reference
SCN_kig_0063,kig,T2,S1,reference
SCN_kig_0063,kig,T1,CLOUD,reference
SCN_kig_0063,kig,T2,CLOUD,reference
SCN_kig_0064,kig,T1,S2,reference
SCN_kig_0064,kig,T2,S2,reference
SCN_kig_0064,kig,T1,S1,reference
SCN_kig_0064,kig,T2,S1,reference
SCN_kig_0064,kig,T1,CLOUD,reference
SCN_kig_0064,kig,T2,CLOUD,reference
SCN_kig_0065,kig,T1,S2,reference
SCN_kig_0065,kig,T2,S2,reference
SCN_kig_0065,kig,T1,S1,reference
SCN_kig_0065,kig,T2,S1,reference
SCN_kig_0065,kig,T1,CLOUD,reference
SCN_kig_0065,kig,T2,CLOUD,reference
SCN_kig_0066,kig,T1,S2,reference
SCN_kig_0066,kig,T2,S2,reference
SCN_kig_0066,kig,T1,S1,reference
SCN_kig_0066,kig,T2,S1,reference
SCN_kig_0066,kig,T1,CLOUD,reference
SCN_kig_0066,kig,T2,CLOUD,reference
SCN_kig_0067,kig,T1,S2,reference
SCN_kig_0067,kig,T2,S2,reference
SCN_kig_0067,kig,T1,S1,reference
SCN_kig_0067,kig,T2,S1,reference
SCN_kig_0067,kig,T1,CLOUD,reference
SCN_kig_0067,kig,T2,CLOUD,reference
SCN_kig_0068,kig,T1,S2,reference
SCN_kig_0068,kig,T2,S2,reference
SCN_kig_0068,kig,T1,S1,reference
SCN_kig_0068,kig,T2,S1,reference
SCN_kig_0068,kig,T1,CLOUD,reference
SCN_kig_0068,kig,T2,CLOUD,reference
SCN_kig_0069,kig,T1,S2,reference
SCN_kig_0069,kig,T2,S2,reference
SCN_kig_0069,kig,T1,S1,reference
SCN_kig_0069,kig,T2,S1,reference
SCN_kig_0069,kig,T1,CLOUD,reference
SCN_kig_0069,kig,T2,CLOUD,reference
SCN_yao_0058,yao,T1,S2,reference
SCN_yao_0058,yao,T2,S2,reference
SCN_yao_0058,yao,T1,S1,reference
SCN_yao_0058,yao,T2,S1,reference
SCN_yao_0058,yao,T1,CLOUD,reference
SCN_yao_0058,yao,T2,CLOUD,reference
SCN_yao_0059,yao,T1,S2,reference
SCN_yao_0059,yao,T2,S2,reference
SCN_yao_0059,yao,T1,S1,reference
SCN_yao_0059,yao,T2,S1,reference
SCN_yao_0059,yao,T1,CLOUD,reference
SCN_yao_0059,yao,T2,CLOUD,reference
SCN_yao_0060,yao,T1,S2,reference
SCN_yao_0060,yao,T2,S2,reference
SCN_yao_0060,yao,T1,S1,reference
SCN_yao_0060,yao,T2,S1,reference
SCN_yao_0060,yao,T1,CLOUD,reference
SCN_yao_0060,yao,T2,CLOUD,reference
SCN_yao_0061,yao,T1,S2,reference
SCN_yao_0061,yao,T2,S2,reference
SCN_yao_0061,yao,T1,S1,reference
SCN_yao_0061,yao,T2,S1,reference
SCN_yao_0061,yao,T1,CLOUD,reference
SCN_yao_0061,yao,T2,CLOUD,reference
SCN_yao_0062,yao,T1,S2,reference
SCN_yao_0062,yao,T2,S2,reference
SCN_yao_0062,yao,T1,S1,reference
SCN_yao_0062,yao,T2,S1,reference
SCN_yao_0062,yao,T1,CLOUD,reference
SCN_yao_0062,yao,T2,CLOUD,reference
SCN_yao_0063,yao,T1,S2,reference
SCN_yao_0063,yao,T2,S2,reference
SCN_yao_0063,yao,T1,S1,reference
SCN_yao_0063,yao,T2,S1,reference
SCN_yao_0063,yao,T1,CLOUD,reference
SCN_yao_0063,yao,T2,CLOUD,reference
SCN_yao_0064,yao,T1,S2,reference
SCN_yao_0064,yao,T2,S2,reference
SCN_yao_0064,yao,T1,S1,reference
SCN_yao_0064,yao,T2,S1,reference
SCN_yao_0064,yao,T1,CLOUD,reference
SCN_yao_0064,yao,T2,CLOUD,reference
SCN_yao_0065,yao,T1,S2,reference
SCN_yao_0065,yao,T2,S2,reference
SCN_yao_0065,yao,T1,S1,reference
SCN_yao_0065,yao,T2,S1,reference
SCN_yao_0065,yao,T1,CLOUD,reference
SCN_yao_0065,yao,T2,CLOUD,reference
SCN_yao_0066,yao,T1,S2,reference
SCN_yao_0066,yao,T2,S2,reference
SCN_yao_0066,yao,T1,S1,reference
SCN_yao_0066,yao,T2,S1,reference
SCN_yao_0066,yao,T1,CLOUD,reference
SCN_yao_0066,yao,T2,CLOUD,reference
SCN_yao_0067,yao,T1,S2,reference
SCN_yao_0067,yao,T2,S2,reference
SCN_yao_0067,yao,T1,S1,reference
SCN_yao_0067,yao,T2,S1,reference
SCN_yao_0067,yao,T1,CLOUD,reference
SCN_yao_0067,yao,T2,CLOUD,reference
SCN_yao_0068,yao,T1,S2,reference
SCN_yao_0068,yao,T2,S2,reference
SCN_yao_0068,yao,T1,S1,reference
SCN_yao_0068,yao,T2,S1,reference
SCN_yao_0068,yao,T1,CLOUD,reference
SCN_yao_0068,yao,T2,CLOUD,reference
SCN_yao_0069,yao,T1,S2,reference
SCN_yao_0069,yao,T2,S2,reference
SCN_yao_0069,yao,T1,S1,reference
SCN_yao_0069,yao,T2,S1,reference
SCN_yao_0069,yao,T1,CLOUD,reference
SCN_yao_0069,yao,T2,CLOUD,reference
