sample_id,token_id,current_date,selected_target_dates,target_age_days,number_of_valid_targets,fallback_used,safety_weight,season,city,target_window_days,retrieval_policy,date_consistent
SCN_dak_0058,tok_000,2023-10-25,,,0,true,0.460,wet,Dakar,90,past_only_unique_top_k_up_to_3,true
SCN_dak_0058,tok_001,2023-10-25,,,0,true,0.460,wet,Dakar,90,past_only_unique_top_k_up_to_3,true
SCN_dak_0058,tok_002,2023-10-25,,,0,true,0.460,wet,Dakar,90,past_only_unique_top_k_up_to_3,true
SCN_dak_0058,tok_003,2023-10-25,2023-08-31,55,1,false,0.670,wet,Dakar,90,past_only_unique_top_k_up_to_3,true
SCN_dak_0059,tok_000,2023-01-25,2023-01-04;2022-12-15;2022-12-04,21;41;52,3,false,0.754,dry,Dakar,90,past_only_unique_top_k_up_to_3,true
SCN_dak_0059,tok_001,2023-01-25,2022-12-22;2022-11-03;2022-11-02,34;83;84,3,false,0.502,dry,Dakar,90,past_only_unique_top_k_up_to_3,true
SCN_dak_0059,tok_002,2023-01-25,2022-12-09,47,1,false,0.718,dry,Dakar,90,past_only_unique_top_k_up_to_3,true
SCN_dak_0059,tok_003,2023-01-25,2023-01-04;2022-12-19,21;37,2,false,0.826,dry,Dakar,90,past_only_unique_top_k_up_to_3,true
SCN_dak_0060,tok_000,2023-03-25,2023-01-28,56,1,false,0.664,wet,Dakar,90,past_only_unique_top_k_up_to_3,true
SCN_dak_0060,tok_001,2023-03-25,2023-03-10;2023-03-06;2023-01-17,15;19;67,3,false,0.886,wet,Dakar,90,past_only_unique_top_k_up_to_3,true
SCN_dak_0060,tok_002,2023-03-25,2023-03-14;2023-03-06;2023-01-22,11;19;62,3,false,0.886,wet,Dakar,90,past_only_unique_top_k_up_to_3,true
SCN_dak_0060,tok_003,2023-03-25,,,0,true,0.460,wet,Dakar,90,past_only_unique_top_k_up_to_3,true
SCN_dak_0061,tok_000,2023-04-25,2023-03-08;2023-02-19;2023-02-14,48;65;70,3,false,0.610,wet,Dakar,90,past_only_unique_top_k_up_to_3,true
SCN_dak_0061,tok_001,2023-04-25,2023-02-10;2023-02-01,74;83,2,false,0.529,wet,Dakar,90,past_only_unique_top_k_up_to_3,true
SCN_dak_0061,tok_002,2023-04-25,2023-04-01;2023-03-20;2023-02-21,24;36;63,3,false,0.784,wet,Dakar,90,past_only_unique_top_k_up_to_3,true
SCN_dak_0061,tok_003,2023-04-25,2023-04-07,18,1,false,0.892,wet,Dakar,90,past_only_unique_top_k_up_to_3,true
SCN_dak_0062,tok_000,2023-11-25,2023-08-30,87,1,false,0.478,wet,Dakar,90,past_only_unique_top_k_up_to_3,true
SCN_dak_0062,tok_001,2023-11-25,2023-10-30;2023-10-14,26;42,2,false,0.796,wet,Dakar,90,past_only_unique_top_k_up_to_3,true
SCN_dak_0062,tok_002,2023-11-25,2023-09-22;2023-09-20;2023-09-18,64;66;68,3,false,0.604,wet,Dakar,90,past_only_unique_top_k_up_to_3,true
SCN_dak_0062,tok_003,2023-11-25,,,0,true,0.460,wet,Dakar,90,past_only_unique_top_k_up_to_3,true
SCN_dak_0063,tok_000,2023-02-25,,,0,true,0.460,dry,Dakar,90,past_only_unique_top_k_up_to_3,true
SCN_dak_0063,tok_001,2023-02-25,2023-01-05;2022-12-16,51;71,2,false,0.634,dry,Dakar,90,past_only_unique_top_k_up_to_3,true
SCN_dak_0063,tok_002,2023-02-25,2023-01-16;2022-12-27;2022-12-13,40;60;74,3,false,0.640,dry,Dakar,90,past_only_unique_top_k_up_to_3,true
SCN_dak_0063,tok_003,2023-02-25,2023-02-17;2023-01-16,8;40,2,false,0.856,dry,Dakar,90,past_only_unique_top_k_up_to_3,true
SCN_dak_0064,tok_000,2023-10-25,2023-09-27,28,1,false,0.832,wet,Dakar,90,past_only_unique_top_k_up_to_3,true
SCN_dak_0064,tok_001,2023-10-25,2023-08-22,64,1,false,0.616,wet,Dakar,90,past_only_unique_top_k_up_to_3,true
SCN_dak_0064,tok_002,2023-10-25,2023-09-13;2023-08-21,42;65,2,false,0.679,wet,Dakar,90,past_only_unique_top_k_up_to_3,true
SCN_dak_0064,tok_003,2023-10-25,2023-09-21;2023-09-14;2023-08-13,34;41;73,3,false,0.754,wet,Dakar,90,past_only_unique_top_k_up_to_3,true
SCN_dak_0065,tok_000,2023-02-25,2022-11-28,89,1,false,0.466,dry,Dakar,90,past_only_unique_top_k_up_to_3,true
SCN_dak_0065,tok_001,2023-02-25,2023-02-02,23,1,false,0.862,dry,Dakar,90,past_only_unique_top_k_up_to_3,true
SCN_dak_0065,tok_002,2023-02-25,2023-02-13,12,1,false,0.928,dry,Dakar,90,past_only_unique_top_k_up_to_3,true
SCN_dak_0065,tok_003,2023-02-25,2023-01-26;2023-01-17;2023-01-15,30;39;41,3,false,0.766,dry,Dakar,90,past_only_unique_top_k_up_to_3,true
SCN_dak_0066,tok_000,2023-01-25,2022-11-27;2022-11-03,59;83,2,false,0.574,dry,Dakar,90,past_only_unique_top_k_up_to_3,true
SCN_dak_0066,tok_001,2023-01-25,2022-12-20;2022-11-06;2022-11-05,36;80;81,3,false,0.520,dry,Dakar,90,past_only_unique_top_k_up_to_3,true
SCN_dak_0066,tok_002,2023-01-25,2022-12-16;2022-11-14;2022-11-06,40;72;80,3,false,0.568,dry,Dakar,90,past_only_unique_top_k_up_to_3,true
SCN_dak_0066,tok_003,2023-01-25,2022-12-12;2022-12-11,44;45,2,false,0.733,dry,Dakar,90,past_only_unique_top_k_up_to_3,true
SCN_dak_0067,tok_000,2023-07-25,2023-07-15,10,1,false,0.940,dry,Dakar,90,past_only_unique_top_k_up_to_3,true
SCN_dak_0067,tok_001,2023-07-25,2023-06-01,54,1,false,0.676,dry,Dakar,90,past_only_unique_top_k_up_to_3,true
SCN_dak_0067,tok_002,2023-07-25,2023-06-15;2023-06-06,40;49,2,false,0.733,dry,Dakar,90,past_only_unique_top_k_up_to_3,true
SCN_dak_0067,tok_003,2023-07-25,2023-05-31;2023-04-29,55;87,2,false,0.574,dry,Dakar,90,past_only_unique_top_k_up_to_3,true
SCN_dak_0068,tok_000,2023-03-25,2023-01-08;2023-01-07,76;77,2,false,0.541,wet,Dakar,90,past_only_unique_top_k_up_to_3,true
SCN_dak_0068,tok_001,2023-03-25,2022-12-31,84,1,false,0.496,wet,Dakar,90,past_only_unique_top_k_up_to_3,true
SCN_dak_0068,tok_002,2023-03-25,,,0,true,0.460,wet,Dakar,90,past_only_unique_top_k_up_to_3,true
SCN_dak_0068,tok_003,2023-03-25,,,0,true,0.460,wet,Dakar,90,past_only_unique_top_k_up_to_3,true
SCN_dak_0069,tok_000,2023-07-25,,,0,true,0.460,dry,Dakar,90,past_only_unique_top_k_up_to_3,true
SCN_dak_0069,tok_001,2023-07-25,,,0,true,0.460,dry,Dakar,90,past_only_unique_top_k_up_to_3,true
SCN_dak_0069,tok_002,2023-07-25,2023-05-06;2023-05-04;2023-04-30,80;82;86,3,false,0.508,dry,Dakar,90,past_only_unique_top_k_up_to_3,true
SCN_dak_0069,tok_003,2023-07-25,2023-06-02;2023-05-09,53;77,2,false,0.610,dry,Dakar,90,past_only_unique_top_k_up_to_3,true
SCN_dar_0058,tok_000,2023-10-25,2023-10-10;2023-07-30,15;87,2,false,0.694,wet,DarEsSalaam,90,past_only_unique_top_k_up_to_3,true
SCN_dar_0058,tok_001,2023-10-25,2023-10-16,9,1,false,0.946,wet,DarEsSalaam,90,past_only_unique_top_k_up_to_3,true
SCN_dar_0058,tok_002,2023-10-25,,,0,true,0.460,wet,DarEsSalaam,90,past_only_unique_top_k_up_to_3,true
SCN_dar_0058,tok_003,2023-10-25,2023-09-27;2023-08-10;2023-08-08,28;76;78,3,false,0.544,wet,DarEsSalaam,90,past_only_unique_top_k_up_to_3,true
SCN_dar_0059,tok_000,2023-10-25,,,0,true,0.460,wet,DarEsSalaam,90,past_only_unique_top_k_up_to_3,true
SCN_dar_0059,tok_001,2023-10-25,2023-10-17;2023-10-13;2023-08-19,8;12;67,3,false,0.928,wet,DarEsSalaam,90,past_only_unique_top_k_up_to_3,true
SCN_dar_0059,tok_002,2023-10-25,,,0,true,0.460,wet,DarEsSalaam,90,past_only_unique_top_k_up_to_3,true
SCN_dar_0059,tok_003,2023-10-25,2023-10-16;2023-09-18,9;37,2,false,0.862,wet,DarEsSalaam,90,past_only_unique_top_k_up_to_3,true
SCN_dar_0060,tok_000,2023-02-25,,,0,true,0.460,dry,DarEsSalaam,90,past_only_unique_top_k_up_to_3,true
SCN_dar_0060,tok_001,2023-02-25,2022-12-27,60,1,false,0.640,dry,DarEsSalaam,90,past_only_unique_top_k_up_to_3,true
SCN_dar_0060,tok_002,2023-02-25,2023-02-02;2023-01-05;2022-12-24,23;51;63,3,false,0.694,dry,DarEsSalaam,90,past_only_unique_top_k_up_to_3,true
SCN_dar_0060,tok_003,2023-02-25,,,0,true,0.460,dry,DarEsSalaam,90,past_only_unique_top_k_up_to_3,true
SCN_dar_0061,tok_000,2023-03-25,,,0,true,0.460,wet,DarEsSalaam,90,past_only_unique_top_k_up_to_3,true
SCN_dar_0061,tok_001,2023-03-25,,,0,true,0.460,wet,DarEsSalaam,90,past_only_unique_top_k_up_to_3,true
SCN_dar_0061,tok_002,2023-03-25,2023-03-05;2023-02-13,20;40,2,false,0.820,wet,DarEsSalaam,90,past_only_unique_top_k_up_to_3,true
SCN_dar_0061,tok_003,2023-03-25,,,0,true,0.460,wet,DarEsSalaam,90,past_only_unique_top_k_up_to_3,true
SCN_dar_0062,tok_000,2023-02-25,2022-12-11,76,1,false,0.544,dry,DarEsSalaam,90,past_only_unique_top_k_up_to_3,true
SCN_dar_0062,tok_001,2023-02-25,,,0,true,0.460,dry,DarEsSalaam,90,past_only_unique_top_k_up_to_3,true
SCN_dar_0062,tok_002,2023-02-25,2023-01-24;2023-01-12,32;44,2,false,0.772,dry,DarEsSalaam,90,past_only_unique_top_k_up_to_3,true
SCN_dar_0062,tok_003,2023-02-25,,,0,true,0.460,dry,DarEsSalaam,90,past_only_unique_top_k_up_to_3,true
SCN_dar_0063,tok_000,2023-02-25,2023-02-10,15,1,false,0.910,dry,DarEsSalaam,90,past_only_unique_top_k_up_to_3,true
SCN_dar_0063,tok_001,2023-02-25,2023-02-15;2023-02-04;2022-12-10,10;21;77,3,false,0.874,dry,DarEsSalaam,90,past_only_unique_top_k_up_to_3,true
SCN_dar_0063,tok_002,2023-02-25,,,0,true,0.460,dry,DarEsSalaam,90,past_only_unique_top_k_up_to_3,true
SCN_dar_0063,tok_003,2023-02-25,,,0,true,0.460,dry,DarEsSalaam,90,past_only_unique_top_k_up_to_3,true
SCN_dar_0064,tok_000,2023-05-25,2023-04-20;2023-03-25;2023-02-28,35;61;86,3,false,0.634,wet,DarEsSalaam,90,past_only_unique_top_k_up_to_3,true
SCN_dar_0064,tok_001,2023-05-25,,,0,true,0.460,wet,DarEsSalaam,90,past_only_unique_top_k_up_to_3,true
SCN_dar_0064,tok_002,2023-05-25,2023-03-12;2023-02-26,74;88,2,false,0.514,wet,DarEsSalaam,90,past_only_unique_top_k_up_to_3,true
SCN_dar_0064,tok_003,2023-05-25,2023-05-04;2023-04-24;2023-04-05,21;31;50,3,false,0.814,wet,DarEsSalaam,90,past_only_unique_top_k_up_to_3,true
SCN_dar_0065,tok_000,2023-04-25,2023-02-18,66,1,false,0.604,wet,DarEsSalaam,90,past_only_unique_top_k_up_to_3,true
SCN_dar_0065,tok_001,2023-04-25,2023-02-28;2023-02-21;2023-02-04,56;63;80,3,false,0.622,wet,DarEsSalaam,90,past_only_unique_top_k_up_to_3,true
SCN_dar_0065,tok_002,2023-04-25,2023-03-01;2023-01-28,55;87,2,false,0.574,wet,DarEsSalaam,90,past_only_unique_top_k_up_to_3,true
SCN_dar_0065,tok_003,2023-04-25,,,0,true,0.460,wet,DarEsSalaam,90,past_only_unique_top_k_up_to_3,true
SCN_dar_0066,tok_000,2023-05-25,2023-04-05,50,1,false,0.700,wet,DarEsSalaam,90,past_only_unique_top_k_up_to_3,true
SCN_dar_0066,tok_001,2023-05-25,2023-04-08,47,1,false,0.718,wet,DarEsSalaam,90,past_only_unique_top_k_up_to_3,true
SCN_dar_0066,tok_002,2023-05-25,2023-04-16,39,1,false,0.766,wet,DarEsSalaam,90,past_only_unique_top_k_up_to_3,true
SCN_dar_0066,tok_003,2023-05-25,2023-05-14;2023-04-27,11;28,2,false,0.883,wet,DarEsSalaam,90,past_only_unique_top_k_up_to_3,true
SCN_dar_0067,tok_000,2023-10-25,2023-10-16;2023-09-14;2023-09-09,9;41;46,3,false,0.754,wet,DarEsSalaam,90,past_only_unique_top_k_up_to_3,true
SCN_dar_0067,tok_001,2023-10-25,2023-08-22;2023-08-14;2023-08-08,64;72;78,3,false,0.568,wet,DarEsSalaam,90,past_only_unique_top_k_up_to_3,true
SCN_dar_0067,tok_002,2023-10-25,,,0,true,0.460,wet,DarEsSalaam,90,past_only_unique_top_k_up_to_3,true
SCN_dar_0067,tok_003,2023-10-25,2023-08-26;2023-08-17,60;69,2,false,0.613,wet,DarEsSalaam,90,past_only_unique_top_k_up_to_3,true
SCN_dar_0068,tok_000,2023-06-25,2023-04-10;2023-03-31,76;86,2,false,0.514,dry,DarEsSalaam,90,past_only_unique_top_k_up_to_3,true
SCN_dar_0068,tok_001,2023-06-25,2023-06-16;2023-05-18,9;38,2,false,0.859,dry,DarEsSalaam,90,past_only_unique_top_k_up_to_3,true
SCN_dar_0068,tok_002,2023-06-25,,,0,true,0.460,dry,DarEsSalaam,90,past_only_unique_top_k_up_to_3,true
SCN_dar_0068,tok_003,2023-06-25,2023-05-08;2023-05-03;2023-04-17,48;53;69,3,false,0.682,dry,DarEsSalaam,90,past_only_unique_top_k_up_to_3,true
SCN_dar_0069,tok_000,2023-11-25,2023-11-06;2023-09-13,19;73,2,false,0.724,wet,DarEsSalaam,90,past_only_unique_top_k_up_to_3,true
SCN_dar_0069,tok_001,2023-11-25,2023-10-10;2023-09-14;2023-08-27,46;72;90,3,false,0.568,wet,DarEsSalaam,90,past_only_unique_top_k_up_to_3,true
SCN_dar_0069,tok_002,2023-11-25,2023-11-16;2023-11-06;2023-09-29,9;19;57,3,false,0.886,wet,DarEsSalaam,90,past_only_unique_top_k_up_to_3,true
SCN_dar_0069,tok_003,2023-11-25,2023-10-04,52,1,false,0.688,wet,DarEsSalaam,90,past_only_unique_top_k_up_to_3,true
SCN_dou_0058,tok_000,2023-04-25,2023-03-18;2023-03-06;2023-03-01,38;50;55,3,false,0.700,wet,Douala,90,past_only_unique_top_k_up_to_3,true
SCN_dou_0058,tok_001,2023-04-25,2023-04-09;2023-03-16;2023-03-12,16;40;44,3,false,0.760,wet,Douala,90,past_only_unique_top_k_up_to_3,true
SCN_dou_0058,tok_002,2023-04-25,2023-03-23;2023-03-05;2023-02-11,33;51;73,3,false,0.694,wet,Douala,90,past_only_unique_top_k_up_to_3,true
SCN_dou_0058,tok_003,2023-04-25,,,0,true,0.460,wet,Douala,90,past_only_unique_top_k_up_to_3,true
SCN_dou_0059,tok_000,2023-08-25,2023-07-11;2023-06-10,45;76,2,false,0.637,dry,Douala,90,past_only_unique_top_k_up_to_3,true
SCN_dou_0059,tok_001,2023-08-25,,,0,true,0.460,dry,Douala,90,past_only_unique_top_k_up_to_3,true
SCN_dou_0059,tok_002,2023-08-25,2023-06-12,74,1,false,0.556,dry,Douala,90,past_only_unique_top_k_up_to_3,true
SCN_dou_0059,tok_003,2023-08-25,2023-07-28,28,1,false,0.832,dry,Douala,90,past_only_unique_top_k_up_to_3,true
SCN_dou_0060,tok_000,2023-04-25,,,0,true,0.460,wet,Douala,90,past_only_unique_top_k_up_to_3,true
SCN_dou_0060,tok_001,2023-04-25,2023-02-28;2023-02-25;2023-02-08,56;59;76,3,false,0.646,wet,Douala,90,past_only_unique_top_k_up_to_3,true
SCN_dou_0060,tok_002,2023-04-25,2023-02-28;2023-02-10,56;74,2,false,0.610,wet,Douala,90,past_only_unique_top_k_up_to_3,true
SCN_dou_0060,tok_003,2023-04-25,,,0,true,0.460,wet,Douala,90,past_only_unique_top_k_up_to_3,true
SCN_dou_0061,tok_000,2023-08-25,2023-08-13;2023-06-29;2023-06-13,12;57;73,3,false,0.658,dry,Douala,90,past_only_unique_top_k_up_to_3,true
SCN_dou_0061,tok_001,2023-08-25,,,0,true,0.460,dry,Douala,90,past_only_unique_top_k_up_to_3,true
SCN_dou_0061,tok_002,2023-08-25,2023-06-25,61,1,false,0.634,dry,Douala,90,past_only_unique_top_k_up_to_3,true
SCN_dou_0061,tok_003,2023-08-25,2023-08-16;2023-08-04;2023-06-13,9;21;73,3,false,0.874,dry,Douala,90,past_only_unique_top_k_up_to_3,true
SCN_dou_0062,tok_000,2023-11-25,2023-09-06,80,1,false,0.520,wet,Douala,90,past_only_unique_top_k_up_to_3,true
SCN_dou_0062,tok_001,2023-11-25,2023-10-24;2023-09-16,32;70,2,false,0.694,wet,Douala,90,past_only_unique_top_k_up_to_3,true
SCN_dou_0062,tok_002,2023-11-25,2023-10-31,25,1,false,0.850,wet,Douala,90,past_only_unique_top_k_up_to_3,true
SCN_dou_0062,tok_003,2023-11-25,2023-11-14;2023-09-29,11;57,2,false,0.796,wet,Douala,90,past_only_unique_top_k_up_to_3,true
SCN_dou_0063,tok_000,2023-05-25,2023-03-11;2023-03-05,75;81,2,false,0.532,wet,Douala,90,past_only_unique_top_k_up_to_3,true
SCN_dou_0063,tok_001,2023-05-25,2023-04-23;2023-04-17,32;38,2,false,0.790,wet,Douala,90,past_only_unique_top_k_up_to_3,true
SCN_dou_0063,tok_002,2023-05-25,2023-05-08;2023-04-29;2023-03-01,17;26;85,3,false,0.844,wet,Douala,90,past_only_unique_top_k_up_to_3,true
SCN_dou_0063,tok_003,2023-05-25,2023-05-04;2023-04-27,21;28,2,false,0.853,wet,Douala,90,past_only_unique_top_k_up_to_3,true
SCN_dou_0064,tok_000,2023-09-25,2023-08-24;2023-08-02,32;54,2,false,0.742,wet,Douala,90,past_only_unique_top_k_up_to_3,true
SCN_dou_0064,tok_001,2023-09-25,2023-08-29;2023-08-21,27;35,2,false,0.814,wet,Douala,90,past_only_unique_top_k_up_to_3,true
SCN_dou_0064,tok_002,2023-09-25,2023-09-17;2023-08-23;2023-07-20,8;33;67,3,false,0.802,wet,Douala,90,past_only_unique_top_k_up_to_3,true
SCN_dou_0064,tok_003,2023-09-25,,,0,true,0.460,wet,Douala,90,past_only_unique_top_k_up_to_3,true
SCN_dou_0065,tok_000,2023-03-25,2023-02-28,25,1,false,0.850,wet,Douala,90,past_only_unique_top_k_up_to_3,true
SCN_dou_0065,tok_001,2023-03-25,,,0,true,0.460,wet,Douala,90,past_only_unique_top_k_up_to_3,true
SCN_dou_0065,tok_002,2023-03-25,2023-01-27,57,1,false,0.658,wet,Douala,90,past_only_unique_top_k_up_to_3,true
SCN_dou_0065,tok_003,2023-03-25,2023-03-06;2023-02-11;2023-01-05,19;42;79,3,false,0.748,wet,Douala,90,past_only_unique_top_k_up_to_3,true
SCN_dou_0066,tok_000,2023-07-25,2023-05-29,57,1,false,0.658,dry,Douala,90,past_only_unique_top_k_up_to_3,true
SCN_dou_0066,tok_001,2023-07-25,2023-07-15;2023-07-12;2023-05-08,10;13;78,3,false,0.922,dry,Douala,90,past_only_unique_top_k_up_to_3,true
SCN_dou_0066,tok_002,2023-07-25,2023-06-12;2023-05-20,43;66,2,false,0.673,dry,Douala,90,past_only_unique_top_k_up_to_3,true
SCN_dou_0066,tok_003,2023-07-25,2023-05-17,69,1,false,0.586,dry,Douala,90,past_only_unique_top_k_up_to_3,true
SCN_dou_0067,tok_000,2023-08-25,,,0,true,0.460,dry,Douala,90,past_only_unique_top_k_up_to_3,true
SCN_dou_0067,tok_001,2023-08-25,,,0,true,0.460,dry,Douala,90,past_only_unique_top_k_up_to_3,true
SCN_dou_0067,tok_002,2023-08-25,2023-07-08,48,1,false,0.712,dry,Douala,90,past_only_unique_top_k_up_to_3,true
SCN_dou_0067,tok_003,2023-08-25,2023-08-09;2023-07-14;2023-06-03,16;42;83,3,false,0.748,dry,Douala,90,past_only_unique_top_k_up_to_3,true
SCN_dou_0068,tok_000,2023-02-25,2023-02-03;2023-01-01,22;55,2,false,0.769,dry,Douala,90,past_only_unique_top_k_up_to_3,true
SCN_dou_0068,tok_001,2023-02-25,,,0,true,0.460,dry,Douala,90,past_only_unique_top_k_up_to_3,true
SCN_dou_0068,tok_002,2023-02-25,2023-02-17;2023-02-11;2022-12-07,8;14;80,3,false,0.916,dry,Douala,90,past_only_unique_top_k_up_to_3,true
SCN_dou_0068,tok_003,2023-02-25,,,0,true,0.460,dry,Douala,90,past_only_unique_top_k_up_to_3,true
SCN_dou_0069,tok_000,2023-10-25,2023-09-26;2023-09-12;2023-08-22,29;43;64,3,false,0.742,wet,Douala,90,past_only_unique_top_k_up_to_3,true
SCN_dou_0069,tok_001,2023-10-25,2023-07-29,88,1,false,0.472,wet,Douala,90,past_only_unique_top_k_up_to_3,true
SCN_dou_0069,tok_002,2023-10-25,,,0,true,0.460,wet,Douala,90,past_only_unique_top_k_up_to_3,true
SCN_dou_0069,tok_003,2023-10-25,2023-08-13,73,1,false,0.562,wet,Douala,90,past_only_unique_top_k_up_to_3,true
SCN_gar_0058,tok_000,2023-03-25,2023-02-10,43,1,false,0.742,wet,Garoua,90,past_only_unique_top_k_up_to_3,true
SCN_gar_0058,tok_001,2023-03-25,2023-02-03,50,1,false,0.700,wet,Garoua,90,past_only_unique_top_k_up_to_3,true
SCN_gar_0058,tok_002,2023-03-25,2023-01-20,64,1,false,0.616,wet,Garoua,90,past_only_unique_top_k_up_to_3,true
SCN_gar_0058,tok_003,2023-03-25,,,0,true,0.460,wet,Garoua,90,past_only_unique_top_k_up_to_3,true
SCN_gar_0059,tok_000,2023-01-25,2022-11-13,73,1,false,0.562,dry,Garoua,90,past_only_unique_top_k_up_to_3,true
SCN_gar_0059,tok_001,2023-01-25,2022-12-18;2022-11-13,38;73,2,false,0.667,dry,Garoua,90,past_only_unique_top_k_up_to_3,true
SCN_gar_0059,tok_002,2023-01-25,2022-12-13;2022-11-10,43;76,2,false,0.643,dry,Garoua,90,past_only_unique_top_k_up_to_3,true
SCN_gar_0059,tok_003,2023-01-25,,,0,true,0.460,dry,Garoua,90,past_only_unique_top_k_up_to_3,true
SCN_gar_0060,tok_000,2023-10-25,2023-08-18;2023-07-30,68;87,2,false,0.535,wet,Garoua,90,past_only_unique_top_k_up_to_3,true
SCN_gar_0060,tok_001,2023-10-25,2023-09-20;2023-09-09;2023-08-02,35;46;84,3,false,0.724,wet,Garoua,90,past_only_unique_top_k_up_to_3,true
SCN_gar_0060,tok_002,2023-10-25,2023-10-16;2023-10-09;2023-08-02,9;16;84,3,false,0.904,wet,Garoua,90,past_only_unique_top_k_up_to_3,true
SCN_gar_0060,tok_003,2023-10-25,2023-10-09;2023-08-20,16;66,2,false,0.754,wet,Garoua,90,past_only_unique_top_k_up_to_3,true
SCN_gar_0061,tok_000,2023-01-25,,,0,true,0.460,dry,Garoua,90,past_only_unique_top_k_up_to_3,true
SCN_gar_0061,tok_001,2023-01-25,2022-12-05;2022-11-05;2022-11-03,51;81;83,3,false,0.514,dry,Garoua,90,past_only_unique_top_k_up_to_3,true
SCN_gar_0061,tok_002,2023-01-25,2022-11-19;2022-10-27,67;90,2,false,0.529,dry,Garoua,90,past_only_unique_top_k_up_to_3,true
SCN_gar_0061,tok_003,2023-01-25,2023-01-03;2022-12-11;2022-11-28,22;45;58,3,false,0.730,dry,Garoua,90,past_only_unique_top_k_up_to_3,true
SCN_gar_0062,tok_000,2023-10-25,2023-09-02,53,1,false,0.682,wet,Garoua,90,past_only_unique_top_k_up_to_3,true
SCN_gar_0062,tok_001,2023-10-25,2023-10-07,18,1,false,0.892,wet,Garoua,90,past_only_unique_top_k_up_to_3,true
SCN_gar_0062,tok_002,2023-10-25,2023-09-07,48,1,false,0.712,wet,Garoua,90,past_only_unique_top_k_up_to_3,true
SCN_gar_0062,tok_003,2023-10-25,2023-10-08;2023-08-07,17;79,2,false,0.712,wet,Garoua,90,past_only_unique_top_k_up_to_3,true
SCN_gar_0063,tok_000,2023-03-25,2023-01-08,76,1,false,0.544,wet,Garoua,90,past_only_unique_top_k_up_to_3,true
SCN_gar_0063,tok_001,2023-03-25,2023-03-08;2023-02-09,17;44,2,false,0.817,wet,Garoua,90,past_only_unique_top_k_up_to_3,true
SCN_gar_0063,tok_002,2023-03-25,,,0,true,0.460,wet,Garoua,90,past_only_unique_top_k_up_to_3,true
SCN_gar_0063,tok_003,2023-03-25,2023-03-12;2023-01-06,13;78,2,false,0.727,wet,Garoua,90,past_only_unique_top_k_up_to_3,true
SCN_gar_0064,tok_000,2023-11-25,2023-10-12,44,1,false,0.736,wet,Garoua,90,past_only_unique_top_k_up_to_3,true
SCN_gar_0064,tok_001,2023-11-25,2023-11-06,19,1,false,0.886,wet,Garoua,90,past_only_unique_top_k_up_to_3,true
SCN_gar_0064,tok_002,2023-11-25,2023-09-23,63,1,false,0.622,wet,Garoua,90,past_only_unique_top_k_up_to_3,true
SCN_gar_0064,tok_003,2023-11-25,2023-09-01;2023-08-30,85;87,2,false,0.484,wet,Garoua,90,past_only_unique_top_k_up_to_3,true
SCN_gar_0065,tok_000,2023-11-25,2023-11-10;2023-10-09,15;47,2,false,0.814,wet,Garoua,90,past_only_unique_top_k_up_to_3,true
SCN_gar_0065,tok_001,2023-11-25,2023-10-09;2023-08-28,47;89,2,false,0.592,wet,Garoua,90,past_only_unique_top_k_up_to_3,true
SCN_gar_0065,tok_002,2023-11-25,,,0,true,0.460,wet,Garoua,90,past_only_unique_top_k_up_to_3,true
SCN_gar_0065,tok_003,2023-11-25,2023-09-14,72,1,false,0.568,wet,Garoua,90,past_only_unique_top_k_up_to_3,true
SCN_gar_0066,tok_000,2023-11-25,2023-10-11;2023-08-30,45;87,2,false,0.604,wet,Garoua,90,past_only_unique_top_k_up_to_3,true
SCN_gar_0066,tok_001,2023-11-25,2023-09-30;2023-09-01,56;85,2,false,0.577,wet,Garoua,90,past_only_unique_top_k_up_to_3,true
SCN_gar_0066,tok_002,2023-11-25,,,0,true,0.460,wet,Garoua,90,past_only_unique_top_k_up_to_3,true
SCN_gar_0066,tok_003,2023-11-25,,,0,true,0.460,wet,Garoua,90,past_only_unique_top_k_up_to_3,true
SCN_gar_0067,tok_000,2023-01-25,2022-12-08,48,1,false,0.712,dry,Garoua,90,past_only_unique_top_k_up_to_3,true
SCN_gar_0067,tok_001,2023-01-25,2022-12-27;2022-12-02;2022-12-01,29;54;55,3,false,0.676,dry,Garoua,90,past_only_unique_top_k_up_to_3,true
SCN_gar_0067,tok_002,2023-01-25,2022-11-26;2022-11-07,60;79,2,false,0.583,dry,Garoua,90,past_only_unique_top_k_up_to_3,true
SCN_gar_0067,tok_003,2023-01-25,,,0,true,0.460,dry,Garoua,90,past_only_unique_top_k_up_to_3,true
SCN_gar_0068,tok_000,2023-01-25,2023-01-14;2023-01-02;2022-11-24,11;23;62,3,false,0.862,dry,Garoua,90,past_only_unique_top_k_up_to_3,true
SCN_gar_0068,tok_001,2023-01-25,2023-01-12,13,1,false,0.922,dry,Garoua,90,past_only_unique_top_k_up_to_3,true
SCN_gar_0068,tok_002,2023-01-25,2023-01-03;2022-12-16,22;40,2,false,0.814,dry,Garoua,90,past_only_unique_top_k_up_to_3,true
SCN_gar_0068,tok_003,2023-01-25,,,0,true,0.460,dry,Garoua,90,past_only_unique_top_k_up_to_3,true
SCN_gar_0069,tok_000,2023-08-25,2023-07-05,51,1,false,0.694,dry,Garoua,90,past_only_unique_top_k_up_to_3,true
SCN_gar_0069,tok_001,2023-08-25,2023-07-27;2023-05-28,29;89,2,false,0.646,dry,Garoua,90,past_only_unique_top_k_up_to_3,true
SCN_gar_0069,tok_002,2023-08-25,,,0,true,0.460,dry,Garoua,90,past_only_unique_top_k_up_to_3,true
SCN_gar_0069,tok_003,2023-08-25,2023-08-11,14,1,false,0.916,dry,Garoua,90,past_only_unique_top_k_up_to_3,true
SCN_kig_0058,tok_000,2023-07-25,2023-05-05,81,1,false,0.514,dry,Kigali,90,past_only_unique_top_k_up_to_3,true
SCN_kig_0058,tok_001,2023-07-25,2023-06-06,49,1,false,0.706,dry,Kigali,90,past_only_unique_top_k_up_to_3,true
SCN_kig_0058,tok_002,2023-07-25,,,0,true,0.460,dry,Kigali,90,past_only_unique_top_k_up_to_3,true
SCN_kig_0058,tok_003,2023-07-25,,,0,true,0.460,dry,Kigali,90,past_only_unique_top_k_up_to_3,true
SCN_kig_0059,tok_000,2023-10-25,2023-08-24,62,1,false,0.628,wet,Kigali,90,past_only_unique_top_k_up_to_3,true
SCN_kig_0059,tok_001,2023-10-25,,,0,true,0.460,wet,Kigali,90,past_only_unique_top_k_up_to_3,true
SCN_kig_0059,tok_002,2023-10-25,,,0,true,0.460,wet,Kigali,90,past_only_unique_top_k_up_to_3,true
SCN_kig_0059,tok_003,2023-10-25,2023-07-27,90,1,false,0.460,wet,Kigali,90,past_only_unique_top_k_up_to_3,true
SCN_kig_0060,tok_000,2023-11-25,2023-08-28,89,1,false,0.466,wet,Kigali,90,past_only_unique_top_k_up_to_3,true
SCN_kig_0060,tok_001,2023-11-25,2023-11-15;2023-10-09,10;47,2,false,0.829,wet,Kigali,90,past_only_unique_top_k_up_to_3,true
SCN_kig_0060,tok_002,2023-11-25,2023-10-16;2023-10-13;2023-08-31,40;43;86,3,false,0.742,wet,Kigali,90,past_only_unique_top_k_up_to_3,true
SCN_kig_0060,tok_003,2023-11-25,2023-09-27;2023-09-10;2023-09-06,59;76;80,3,false,0.544,wet,Kigali,90,past_only_unique_top_k_up_to_3,true
SCN_kig_0061,tok_000,2023-04-25,,,0,true,0.460,wet,Kigali,90,past_only_unique_top_k_up_to_3,true
SCN_kig_0061,tok_001,2023-04-25,2023-03-02;2023-01-30;2023-01-26,54;85;89,3,false,0.490,wet,Kigali,90,past_only_unique_top_k_up_to_3,true
SCN_kig_0061,tok_002,2023-04-25,2023-04-08;2023-03-05,17;51,2,false,0.796,wet,Kigali,90,past_only_unique_top_k_up_to_3,true
SCN_kig_0061,tok_003,2023-04-25,,,0,true,0.460,wet,Kigali,90,past_only_unique_top_k_up_to_3,true
SCN_kig_0062,tok_000,2023-01-25,2023-01-01;2022-12-28,24;28,2,false,0.844,dry,Kigali,90,past_only_unique_top_k_up_to_3,true
SCN_kig_0062,tok_001,2023-01-25,2022-12-29;2022-11-01,27;85,2,false,0.664,dry,Kigali,90,past_only_unique_top_k_up_to_3,true
SCN_kig_0062,tok_002,2023-01-25,,,0,true,0.460,dry,Kigali,90,past_only_unique_top_k_up_to_3,true
SCN_kig_0062,tok_003,2023-01-25,,,0,true,0.460,dry,Kigali,90,past_only_unique_top_k_up_to_3,true
SCN_kig_0063,tok_000,2023-07-25,,,0,true,0.460,dry,Kigali,90,past_only_unique_top_k_up_to_3,true
SCN_kig_0063,tok_001,2023-07-25,2023-06-07;2023-05-26,48;60,2,false,0.676,dry,Kigali,90,past_only_unique_top_k_up_to_3,true
SCN_kig_0063,tok_002,2023-07-25,2023-07-18,7,1,false,0.958,dry,Kigali,90,past_only_unique_top_k_up_to_3,true
SCN_kig_0063,tok_003,2023-07-25,,,0,true,0.460,dry,Kigali,90,past_only_unique_top_k_up_to_3,true
SCN_kig_0064,tok_000,2023-10-25,2023-09-04,51,1,false,0.694,wet,Kigali,90,past_only_unique_top_k_up_to_3,true
SCN_kig_0064,tok_001,2023-10-25,,,0,true,0.460,wet,Kigali,90,past_only_unique_top_k_up_to_3,true
SCN_kig_0064,tok_002,2023-10-25,2023-10-03;2023-08-04;2023-07-28,22;82;89,3,false,0.508,wet,Kigali,90,past_only_unique_top_k_up_to_3,true
SCN_kig_0064,tok_003,2023-10-25,2023-09-26;2023-08-14,29;72,2,false,0.697,wet,Kigali,90,past_only_unique_top_k_up_to_3,true
SCN_kig_0065,tok_000,2023-04-25,,,0,true,0.460,wet,Kigali,90,past_only_unique_top_k_up_to_3,true
SCN_kig_0065,tok_001,2023-04-25,2023-02-20;2023-02-14,64;70,2,false,0.598,wet,Kigali,90,past_only_unique_top_k_up_to_3,true
SCN_kig_0065,tok_002,2023-04-25,2023-03-31;2023-03-03,25;53,2,false,0.766,wet,Kigali,90,past_only_unique_top_k_up_to_3,true
SCN_kig_0065,tok_003,2023-04-25,2023-03-29;2023-02-28;2023-02-21,27;56;63,3,false,0.664,wet,Kigali,90,past_only_unique_top_k_up_to_3,true
SCN_kig_0066,tok_000,2023-02-25,2023-02-08;2023-02-04;2022-12-07,17;21;80,3,false,0.874,dry,Kigali,90,past_only_unique_top_k_up_to_3,true
SCN_kig_0066,tok_001,2023-02-25,,,0,true,0.460,dry,Kigali,90,past_only_unique_top_k_up_to_3,true
SCN_kig_0066,tok_002,2023-02-25,2023-02-06;2022-12-20;2022-11-28,19;67;89,3,false,0.598,dry,Kigali,90,past_only_unique_top_k_up_to_3,true
SCN_kig_0066,tok_003,2023-02-25,2023-02-11;2023-01-23;2022-12-31,14;33;56,3,false,0.802,dry,Kigali,90,past_only_unique_top_k_up_to_3,true
SCN_kig_0067,tok_000,2023-10-25,2023-10-15;2023-08-14,10;72,2,false,0.754,wet,Kigali,90,past_only_unique_top_k_up_to_3,true
SCN_kig_0067,tok_001,2023-10-25,2023-09-01;2023-08-22;2023-08-07,54;64;79,3,false,0.616,wet,Kigali,90,past_only_unique_top_k_up_to_3,true
SCN_kig_0067,tok_002,2023-10-25,2023-09-14;2023-09-12;2023-09-07,41;43;48,3,false,0.742,wet,Kigali,90,past_only_unique_top_k_up_to_3,true
SCN_kig_0067,tok_003,2023-10-25,,,0,true,0.460,wet,Kigali,90,past_only_unique_top_k_up_to_3,true
SCN_kig_0068,tok_000,2023-04-25,2023-04-06;2023-02-22;2023-02-18,19;62;66,3,false,0.628,wet,Kigali,90,past_only_unique_top_k_up_to_3,true
SCN_kig_0068,tok_001,2023-04-25,2023-03-23;2023-03-14,33;42,2,false,0.775,wet,Kigali,90,past_only_unique_top_k_up_to_3,true
SCN_kig_0068,tok_002,2023-04-25,,,0,true,0.460,wet,Kigali,90,past_only_unique_top_k_up_to_3,true
SCN_kig_0068,tok_003,2023-04-25,2023-02-28;2023-02-22,56;62,2,false,0.646,wet,Kigali,90,past_only_unique_top_k_up_to_3,true
SCN_kig_0069,tok_000,2023-05-25,,,0,true,0.460,wet,Kigali,90,past_only_unique_top_k_up_to_3,true
SCN_kig_0069,tok_001,2023-05-25,2023-05-18;2023-04-10;2023-03-06,7;45;80,3,false,0.730,wet,Kigali,90,past_only_unique_top_k_up_to_3,true
SCN_kig_0069,tok_002,2023-05-25,2023-04-15,40,1,false,0.760,wet,Kigali,90,past_only_unique_top_k_up_to_3,true
SCN_kig_0069,tok_003,2023-05-25,,,0,true,0.460,wet,Kigali,90,past_only_unique_top_k_up_to_3,true
SCN_yao_0058,tok_000,2023-06-25,,,0,true,0.460,dry,Yaounde,90,past_only_unique_top_k_up_to_3,true
SCN_yao_0058,tok_001,2023-06-25,2023-05-06;2023-04-28;2023-04-06,50;58;80,3,false,0.652,dry,Yaounde,90,past_only_unique_top_k_up_to_3,true
SCN_yao_0058,tok_002,2023-06-25,2023-06-11;2023-04-01,14;85,2,false,0.703,dry,Yaounde,90,past_only_unique_top_k_up_to_3,true
SCN_yao_0058,tok_003,2023-06-25,2023-06-18;2023-05-26;2023-05-21,7;30;35,3,false,0.820,dry,Yaounde,90,past_only_unique_top_k_up_to_3,true
SCN_yao_0059,tok_000,2023-04-25,,,0,true,0.460,wet,Yaounde,90,past_only_unique_top_k_up_to_3,true
SCN_yao_0059,tok_001,2023-04-25,2023-04-10,15,1,false,0.910,wet,Yaounde,90,past_only_unique_top_k_up_to_3,true
SCN_yao_0059,tok_002,2023-04-25,2023-03-02,54,1,false,0.676,wet,Yaounde,90,past_only_unique_top_k_up_to_3,true
SCN_yao_0059,tok_003,2023-04-25,2023-03-26;2023-03-25,30;31,2,false,0.817,wet,Yaounde,90,past_only_unique_top_k_up_to_3,true
SCN_yao_0060,tok_000,2023-11-25,2023-11-17,8,1,false,0.952,wet,Yaounde,90,past_only_unique_top_k_up_to_3,true
SCN_yao_0060,tok_001,2023-11-25,2023-11-02;2023-10-14;2023-09-11,23;42;75,3,false,0.748,wet,Yaounde,90,past_only_unique_top_k_up_to_3,true
SCN_yao_0060,tok_002,2023-11-25,2023-09-09,77,1,false,0.538,wet,Yaounde,90,past_only_unique_top_k_up_to_3,true
SCN_yao_0060,tok_003,2023-11-25,2023-10-15,41,1,false,0.754,wet,Yaounde,90,past_only_unique_top_k_up_to_3,true
SCN_yao_0061,tok_000,2023-02-25,2023-01-07;2022-12-16,49;71,2,false,0.640,dry,Yaounde,90,past_only_unique_top_k_up_to_3,true
SCN_yao_0061,tok_001,2023-02-25,2023-02-01,24,1,false,0.856,dry,Yaounde,90,past_only_unique_top_k_up_to_3,true
SCN_yao_0061,tok_002,2023-02-25,2022-12-23,64,1,false,0.616,dry,Yaounde,90,past_only_unique_top_k_up_to_3,true
SCN_yao_0061,tok_003,2023-02-25,2023-01-17;2023-01-03;2022-12-29,39;53;58,3,false,0.682,dry,Yaounde,90,past_only_unique_top_k_up_to_3,true
SCN_yao_0062,tok_000,2023-01-25,2022-12-21;2022-12-05;2022-11-21,35;51;65,3,false,0.694,dry,Yaounde,90,past_only_unique_top_k_up_to_3,true
SCN_yao_0062,tok_001,2023-01-25,2023-01-04;2022-12-03;2022-11-28,21;53;58,3,false,0.682,dry,Yaounde,90,past_only_unique_top_k_up_to_3,true
SCN_yao_0062,tok_002,2023-01-25,2022-11-11,75,1,false,0.550,dry,Yaounde,90,past_only_unique_top_k_up_to_3,true
SCN_yao_0062,tok_003,2023-01-25,2023-01-13;2022-12-28;2022-11-26,12;28;60,3,false,0.832,dry,Yaounde,90,past_only_unique_top_k_up_to_3,true
SCN_yao_0063,tok_000,2023-08-25,2023-07-24;2023-06-08,32;78,2,false,0.670,dry,Yaounde,90,past_only_unique_top_k_up_to_3,true
SCN_yao_0063,tok_001,2023-08-25,2023-07-23;2023-06-10;2023-05-29,33;76;88,3,false,0.544,dry,Yaounde,90,past_only_unique_top_k_up_to_3,true
SCN_yao_0063,tok_002,2023-08-25,2023-08-13;2023-07-11;2023-06-22,12;45;64,3,false,0.730,dry,Yaounde,90,past_only_unique_top_k_up_to_3,true
SCN_yao_0063,tok_003,2023-08-25,2023-07-14,42,1,false,0.748,dry,Yaounde,90,past_only_unique_top_k_up_to_3,true
SCN_yao_0064,tok_000,2023-07-25,,,0,true,0.460,dry,Yaounde,90,past_only_unique_top_k_up_to_3,true
SCN_yao_0064,tok_001,2023-07-25,,,0,true,0.460,dry,Yaounde,90,past_only_unique_top_k_up_to_3,true
SCN_yao_0064,tok_002,2023-07-25,2023-05-30,56,1,false,0.664,dry,Yaounde,90,past_only_unique_top_k_up_to_3,true
SCN_yao_0064,tok_003,2023-07-25,2023-05-27;2023-05-16;2023-05-06,59;70;80,3,false,0.580,dry,Yaounde,90,past_only_unique_top_k_up_to_3,true
SCN_yao_0065,tok_000,2023-09-25,2023-08-17;2023-08-09;2023-08-07,39;47;49,3,false,0.718,wet,Yaounde,90,past_only_unique_top_k_up_to_3,true
SCN_yao_0065,tok_001,2023-09-25,2023-08-07,49,1,false,0.706,wet,Yaounde,90,past_only_unique_top_k_up_to_3,true
SCN_yao_0065,tok_002,2023-09-25,,,0,true,0.460,wet,Yaounde,90,past_only_unique_top_k_up_to_3,true
SCN_yao_0065,tok_003,2023-09-25,2023-07-29,58,1,false,0.652,wet,Yaounde,90,past_only_unique_top_k_up_to_3,true
SCN_yao_0066,tok_000,2023-03-25,2023-02-20;2022-12-27,33;88,2,false,0.637,wet,Yaounde,90,past_only_unique_top_k_up_to_3,true
SCN_yao_0066,tok_001,2023-03-25,2023-02-13,40,1,false,0.760,wet,Yaounde,90,past_only_unique_top_k_up_to_3,true
SCN_yao_0066,tok_002,2023-03-25,2023-02-11;2022-12-30,42;85,2,false,0.619,wet,Yaounde,90,past_only_unique_top_k_up_to_3,true
SCN_yao_0066,tok_003,2023-03-25,2023-03-16;2023-03-10,9;15,2,false,0.928,wet,Yaounde,90,past_only_unique_top_k_up_to_3,true
SCN_yao_0067,tok_000,2023-10-25,,,0,true,0.460,wet,Yaounde,90,past_only_unique_top_k_up_to_3,true
SCN_yao_0067,tok_001,2023-10-25,2023-10-12;2023-08-23;2023-08-22,13;63;64,3,false,0.622,wet,Yaounde,90,past_only_unique_top_k_up_to_3,true
SCN_yao_0067,tok_002,2023-10-25,2023-10-13;2023-08-23;2023-07-28,12;63;89,3,false,0.622,wet,Yaounde,90,past_only_unique_top_k_up_to_3,true
SCN_yao_0067,tok_003,2023-10-25,2023-10-12;2023-09-21;2023-08-16,13;34;70,3,false,0.796,wet,Yaounde,90,past_only_unique_top_k_up_to_3,true
SCN_yao_0068,tok_000,2023-10-25,2023-09-29;2023-09-26;2023-09-05,26;29;50,3,false,0.826,wet,Yaounde,90,past_only_unique_top_k_up_to_3,true
SCN_yao_0068,tok_001,2023-10-25,2023-07-28,89,1,false,0.466,wet,Yaounde,90,past_only_unique_top_k_up_to_3,true
SCN_yao_0068,tok_002,2023-10-25,2023-10-02;2023-08-29;2023-08-04,23;57;82,3,false,0.658,wet,Yaounde,90,past_only_unique_top_k_up_to_3,true
SCN_yao_0068,tok_003,2023-10-25,2023-09-24;2023-08-22;2023-08-18,31;64;68,3,false,0.616,wet,Yaounde,90,past_only_unique_top_k_up_to_3,true
SCN_yao_0069,tok_000,2023-10-25,,,0,true,0.460,wet,Yaounde,90,past_only_unique_top_k_up_to_3,true
SCN_yao_0069,tok_001,2023-10-25,2023-09-24,31,1,false,0.814,wet,Yaounde,90,past_only_unique_top_k_up_to_3,true
SCN_yao_0069,tok_002,2023-10-25,2023-10-17;2023-09-17;2023-08-25,8;38;61,3,false,0.772,wet,Yaounde,90,past_only_unique_top_k_up_to_3,true
SCN_yao_0069,tok_003,2023-10-25,2023-10-16;2023-10-15;2023-08-11,9;10;75,3,false,0.940,wet,Yaounde,90,past_only_unique_top_k_up_to_3,true
