sample_id,city,method,K,seed,target_iou_anchor,calibration_threshold,tp,fp,fn,tn,iou,precision,recall,f1,coverage,cloud_burden,positive_coverage
SCN_dak_0058,Dakar,CROMA,25,1,0.34339732,0.8786198046130519,44,81,3,1109,0.34375,0.352,0.9361702127659576,0.5116279069767442,0.1342230902777778,0.8654515147209167,0.5222222222222223
SCN_dak_0058,Dakar,OA_MAE,25,1,0.35399298,1.0477555179595948,31,40,16,1150,0.3563218390804598,0.4366197183098591,0.6595744680851063,0.5254237288135594,0.1342230902777778,0.8654515147209167,0.5222222222222223
SCN_dak_0058,Dakar,UNet_S1S2,25,1,0.31952183,1.1730391723878912,32,51,15,1139,0.3265306122448979,0.3855421686746988,0.6808510638297872,0.4923076923076923,0.1342230902777778,0.8654515147209167,0.5222222222222223
SCN_dak_0058,Dakar,UNet_S2,25,1,0.28790686,1.5468604272924444,23,31,24,1159,0.2948717948717949,0.4259259259259259,0.4893617021276595,0.4554455445544554,0.1342230902777778,0.8654515147209167,0.5222222222222223
SCN_dak_0059,Dakar,CROMA,25,1,0.35351886,0.8156425410188654,62,103,9,1581,0.3563218390804598,0.3757575757575757,0.8732394366197183,0.5254237288135594,0.1904296875,0.8317530751228333,1.0
SCN_dak_0059,Dakar,OA_MAE,25,1,0.35235466,1.0963017574091536,71,130,0,1554,0.3532338308457711,0.3532338308457711,1.0,0.5220588235294118,0.1904296875,0.8317530751228333,1.0
SCN_dak_0059,Dakar,UNet_S1S2,25,1,0.2757415,0.570456693646729,70,184,1,1500,0.2745098039215686,0.2755905511811024,0.9859154929577464,0.4307692307692308,0.1904296875,0.8317530751228333,1.0
SCN_dak_0059,Dakar,UNet_S2,25,1,0.26429597,0.936923486814704,61,158,10,1526,0.2663755458515284,0.2785388127853881,0.8591549295774648,0.4206896551724138,0.1904296875,0.8317530751228333,1.0
SCN_dak_0060,Dakar,CROMA,25,1,0.34573609,1.0907649087905888,25,45,3,1664,0.3424657534246575,0.3571428571428571,0.8928571428571429,0.5102040816326532,0.1884765625,0.8299999833106995,0.2434782608695652
SCN_dak_0060,Dakar,OA_MAE,25,1,0.34452428,1.3606548118591308,26,50,2,1659,0.3333333333333333,0.3421052631578947,0.9285714285714286,0.5,0.1884765625,0.8299999833106995,0.2434782608695652
SCN_dak_0060,Dakar,UNet_S1S2,25,1,0.28207763,1.2151573562622071,12,46,16,1663,0.1621621621621621,0.2068965517241379,0.4285714285714285,0.2790697674418604,0.1884765625,0.8299999833106995,0.2434782608695652
SCN_dak_0060,Dakar,UNet_S2,25,1,0.26029853,1.2736006212234494,13,40,15,1669,0.1911764705882352,0.2452830188679245,0.4642857142857143,0.3209876543209876,0.1884765625,0.8299999833106995,0.2434782608695652
SCN_dak_0061,Dakar,CROMA,25,1,0.32207504,1.5282638835907028,28,119,24,4706,0.1637426900584795,0.1904761904761904,0.5384615384615384,0.2814070351758793,0.5291883680555556,0.6839999556541443,0.490566037735849
SCN_dak_0061,Dakar,OA_MAE,25,1,0.37314069,1.2582673358917238,38,109,14,4716,0.2360248447204969,0.2585034013605442,0.7307692307692307,0.3819095477386935,0.5291883680555556,0.6839999556541443,0.490566037735849
SCN_dak_0061,Dakar,UNet_S1S2,25,1,0.3158873,1.175993892710696,24,172,28,4653,0.1071428571428571,0.1224489795918367,0.4615384615384615,0.1935483870967742,0.5291883680555556,0.6839999556541443,0.490566037735849
SCN_dak_0061,Dakar,UNet_S2,25,1,0.29036618,1.414247245788576,25,122,27,4703,0.1436781609195402,0.1700680272108843,0.4807692307692308,0.2512562814070351,0.5291883680555556,0.6839999556541443,0.490566037735849
SCN_dak_0062,Dakar,CROMA,25,1,0.33296617,1.079942924220075,43,85,3,3057,0.3282442748091603,0.3359375,0.9347826086956522,0.4942528735632183,0.3459201388888889,0.7481451034545898,0.5974025974025974
SCN_dak_0062,Dakar,OA_MAE,25,1,0.32956165,1.5267657003095074,41,77,5,3065,0.3333333333333333,0.3474576271186441,0.8913043478260869,0.5,0.3459201388888889,0.7481451034545898,0.5974025974025974
SCN_dak_0062,Dakar,UNet_S1S2,25,1,0.27982796,1.0981865477561947,28,68,18,3074,0.2456140350877192,0.2916666666666667,0.6086956521739131,0.3943661971830985,0.3459201388888889,0.7481451034545898,0.5974025974025974
SCN_dak_0062,Dakar,UNet_S2,25,1,0.25076918,1.3696060705184934,28,68,18,3074,0.2456140350877192,0.2916666666666667,0.6086956521739131,0.3943661971830985,0.3459201388888889,0.7481451034545898,0.5974025974025974
SCN_dak_0063,Dakar,CROMA,25,1,0.31589937,1.0892791448870007,44,86,7,1467,0.3211678832116788,0.3384615384615385,0.8627450980392157,0.4861878453038674,0.1740451388888889,0.8233286738395691,0.7285714285714285
SCN_dak_0063,Dakar,OA_MAE,25,1,0.34943179,0.8588041447183149,49,91,2,1462,0.3450704225352112,0.35,0.9607843137254902,0.5130890052356021,0.1740451388888889,0.8233286738395691,0.7285714285714285
SCN_dak_0063,Dakar,UNet_S1S2,25,1,0.30235112,1.0922358922420004,38,75,13,1478,0.3015873015873015,0.336283185840708,0.7450980392156863,0.4634146341463414,0.1740451388888889,0.8233286738395691,0.7285714285714285
SCN_dak_0063,Dakar,UNet_S2,25,1,0.27112855,1.164505450272646,26,44,25,1509,0.2736842105263158,0.3714285714285714,0.5098039215686274,0.4297520661157025,0.1740451388888889,0.8233286738395691,0.7285714285714285
SCN_dak_0064,Dakar,CROMA,25,1,0.31875854,1.2322533476352702,32,158,7,6137,0.1624365482233502,0.1684210526315789,0.8205128205128205,0.2794759825327511,0.6872829861111112,0.5870000123977661,0.7090909090909091
SCN_dak_0064,Dakar,OA_MAE,25,1,0.35500273,1.1261999714374544,36,154,3,6141,0.1865284974093264,0.1894736842105263,0.9230769230769232,0.314410480349345,0.6872829861111112,0.5870000123977661,0.7090909090909091
SCN_dak_0064,Dakar,UNet_S1S2,25,1,0.32120948,1.2118765628337862,31,159,8,6136,0.1565656565656565,0.1631578947368421,0.7948717948717948,0.2707423580786026,0.6872829861111112,0.5870000123977661,0.7090909090909091
SCN_dak_0064,Dakar,UNet_S2,25,1,0.26708626,1.5267209911346438,10,180,29,6115,0.045662100456621,0.0526315789473684,0.2564102564102564,0.0873362445414847,0.6872829861111112,0.5870000123977661,0.7090909090909091
SCN_dak_0065,Dakar,CROMA,25,1,0.35346684,1.1726784181594854,44,157,9,6467,0.2095238095238095,0.2189054726368159,0.8301886792452831,0.3464566929133857,0.7245008680555556,0.547999918460846,0.654320987654321
SCN_dak_0065,Dakar,OA_MAE,25,1,0.36588015,1.2169739770889283,39,162,14,6462,0.1813953488372093,0.1940298507462686,0.7358490566037735,0.3070866141732283,0.7245008680555556,0.547999918460846,0.654320987654321
SCN_dak_0065,Dakar,UNet_S1S2,25,1,0.28179547,1.2840131664276124,28,173,25,6451,0.1238938053097345,0.1393034825870646,0.5283018867924528,0.2204724409448818,0.7245008680555556,0.547999918460846,0.654320987654321
SCN_dak_0065,Dakar,UNet_S2,25,1,0.25660186,1.3459602451324466,10,191,43,6433,0.040983606557377,0.0497512437810945,0.1886792452830188,0.0787401574803149,0.7245008680555556,0.547999918460846,0.654320987654321
SCN_dak_0066,Dakar,CROMA,25,1,0.33624482,0.5075235250432,105,207,0,792,0.3365384615384615,0.3365384615384615,1.0,0.5035971223021583,0.1197916666666666,0.8531408309936523,1.0
SCN_dak_0066,Dakar,OA_MAE,25,1,0.35692213,0.6651752539710759,99,172,6,827,0.3574007220216607,0.3653136531365313,0.9428571428571428,0.5265957446808511,0.1197916666666666,0.8531408309936523,1.0
SCN_dak_0066,Dakar,UNet_S1S2,25,1,0.27743125,0.2648207987038465,102,262,3,737,0.2779291553133515,0.2802197802197802,0.9714285714285714,0.4349680170575692,0.1197916666666666,0.8531408309936523,1.0
SCN_dak_0066,Dakar,UNet_S2,25,1,0.26910462,0.4619646161143071,101,271,4,728,0.2686170212765957,0.271505376344086,0.961904761904762,0.4234800838574423,0.1197916666666666,0.8531408309936523,1.0
SCN_dak_0067,Dakar,CROMA,25,1,0.30916831,1.1389457225799555,10,37,12,1497,0.1694915254237288,0.2127659574468085,0.4545454545454545,0.289855072463768,0.1688368055555555,0.8216292858123779,0.3055555555555556
SCN_dak_0067,Dakar,OA_MAE,25,1,0.3477777,0.955223191233093,22,41,0,1493,0.3492063492063492,0.3492063492063492,1.0,0.5176470588235293,0.1688368055555555,0.8216292858123779,0.3055555555555556
SCN_dak_0067,Dakar,UNet_S1S2,25,1,0.30242745,1.1985077679157248,9,38,13,1496,0.15,0.1914893617021276,0.4090909090909091,0.2608695652173913,0.1688368055555555,0.8216292858123779,0.3055555555555556
SCN_dak_0067,Dakar,UNet_S2,25,1,0.26547011,1.05923969303408,7,87,15,1447,0.0642201834862385,0.0744680851063829,0.3181818181818182,0.1206896551724137,0.1688368055555555,0.8216292858123779,0.3055555555555556
SCN_dak_0068,Dakar,CROMA,25,1,0.32054768,1.1380997419357288,25,221,11,7924,0.0972762645914396,0.1016260162601626,0.6944444444444444,0.1773049645390071,0.8876953125,0.4209999740123749,1.0
SCN_dak_0068,Dakar,OA_MAE,25,1,0.3461753,1.1886167287826537,36,210,0,7935,0.1463414634146341,0.1463414634146341,1.0,0.2553191489361702,0.8876953125,0.4209999740123749,1.0
SCN_dak_0068,Dakar,UNet_S1S2,25,1,0.30478,1.2996423244476305,19,227,17,7918,0.0722433460076045,0.0772357723577235,0.5277777777777778,0.1347517730496454,0.8876953125,0.4209999740123749,1.0
SCN_dak_0068,Dakar,UNet_S2,25,1,0.27475094,1.5641361951828,13,233,23,7912,0.0483271375464684,0.0528455284552845,0.3611111111111111,0.0921985815602837,0.8876953125,0.4209999740123749,1.0
SCN_dak_0069,Dakar,CROMA,25,1,0.32195934,1.269978941679001,31,87,6,3804,0.25,0.2627118644067797,0.8378378378378378,0.4,0.4262152777777778,0.7199999690055847,0.2868217054263566
SCN_dak_0069,Dakar,OA_MAE,25,1,0.3482861,1.107920480966568,33,85,4,3806,0.2704918032786885,0.2796610169491525,0.8918918918918919,0.4258064516129032,0.4262152777777778,0.7199999690055847,0.2868217054263566
SCN_dak_0069,Dakar,UNet_S1S2,25,1,0.32148105,1.4530151081085203,26,92,11,3799,0.2015503875968992,0.2203389830508474,0.7027027027027027,0.3354838709677419,0.4262152777777778,0.7199999690055847,0.2868217054263566
SCN_dak_0069,Dakar,UNet_S2,25,1,0.26788396,1.4863662827014927,23,95,14,3796,0.1742424242424242,0.1949152542372881,0.6216216216216216,0.2967741935483871,0.4262152777777778,0.7199999690055847,0.2868217054263566
SCN_dar_0058,DarEsSalaam,CROMA,25,1,0.26563146,1.0435758244991304,76,211,3,4454,0.2620689655172414,0.2648083623693379,0.9620253164556962,0.4153005464480874,0.5147569444444444,0.6589999794960022,0.8777777777777778
SCN_dar_0058,DarEsSalaam,OA_MAE,25,1,0.30544267,1.0243368291854855,74,165,5,4500,0.3032786885245901,0.309623430962343,0.9367088607594936,0.4654088050314465,0.5147569444444444,0.6589999794960022,0.8777777777777778
SCN_dar_0058,DarEsSalaam,UNet_S1S2,25,1,0.22409868,1.3681665241718295,36,155,43,4510,0.1538461538461538,0.1884816753926701,0.4556962025316455,0.2666666666666666,0.5147569444444444,0.6589999794960022,0.8777777777777778
SCN_dar_0058,DarEsSalaam,UNet_S2,25,1,0.16991148,1.2815124595165257,14,145,65,4520,0.0625,0.0880503144654088,0.1772151898734177,0.1176470588235294,0.5147569444444444,0.6589999794960022,0.8777777777777778
SCN_dar_0059,DarEsSalaam,CROMA,25,1,0.25289154,1.3526423001289365,74,202,6,8892,0.2624113475177305,0.2681159420289855,0.925,0.4157303370786517,0.9954427083333334,0.1649999767541885,1.0
SCN_dar_0059,DarEsSalaam,OA_MAE,25,1,0.27811249,1.117748070955276,67,209,13,8885,0.231833910034602,0.2427536231884058,0.8375,0.3764044943820224,0.9954427083333334,0.1649999767541885,1.0
SCN_dar_0059,DarEsSalaam,UNet_S1S2,25,1,0.21950708,1.4764214050769802,57,219,23,8875,0.1906354515050167,0.2065217391304347,0.7125,0.3202247191011236,0.9954427083333334,0.1649999767541885,1.0
SCN_dar_0059,DarEsSalaam,UNet_S2,25,1,0.19185781,1.6671787674837242,15,292,65,8802,0.0403225806451612,0.0488599348534201,0.1875,0.0775193798449612,0.9954427083333334,0.1649999767541885,1.0
SCN_dar_0060,DarEsSalaam,CROMA,25,1,0.27567655,0.8190866148899111,36,93,0,1398,0.2790697674418604,0.2790697674418604,1.0,0.4363636363636363,0.1656901041666666,0.8175666332244873,0.4137931034482758
SCN_dar_0060,DarEsSalaam,OA_MAE,25,1,0.31378083,1.4179724879162288,20,31,16,1460,0.2985074626865671,0.392156862745098,0.5555555555555556,0.4597701149425288,0.1656901041666666,0.8175666332244873,0.4137931034482758
SCN_dar_0060,DarEsSalaam,UNet_S1S2,25,1,0.21448983,1.0078975590326449,36,134,0,1357,0.2117647058823529,0.2117647058823529,1.0,0.3495145631067961,0.1656901041666666,0.8175666332244873,0.4137931034482758
SCN_dar_0060,DarEsSalaam,UNet_S2,25,1,0.18927439,1.120878466483085,23,85,13,1406,0.1900826446280991,0.2129629629629629,0.6388888888888888,0.3194444444444444,0.1656901041666666,0.8175666332244873,0.4137931034482758
SCN_dar_0061,DarEsSalaam,CROMA,25,1,0.26047755,1.1929144346714018,32,113,18,4669,0.1963190184049079,0.2206896551724138,0.64,0.3282051282051282,0.5243055555555556,0.6549999713897705,0.9615384615384616
SCN_dar_0061,DarEsSalaam,OA_MAE,25,1,0.3053476,1.0603153645992267,46,99,4,4683,0.3087248322147651,0.3172413793103448,0.92,0.4717948717948718,0.5243055555555556,0.6549999713897705,0.9615384615384616
SCN_dar_0061,DarEsSalaam,UNet_S1S2,25,1,0.22363677,1.3730581092834464,20,125,30,4657,0.1142857142857142,0.1379310344827586,0.4,0.2051282051282051,0.5243055555555556,0.6549999713897705,0.9615384615384616
SCN_dar_0061,DarEsSalaam,UNet_S2,25,1,0.1603589,1.2565470342738654,13,181,37,4601,0.0562770562770562,0.0670103092783505,0.26,0.1065573770491803,0.5243055555555556,0.6549999713897705,0.9615384615384616
SCN_dar_0062,DarEsSalaam,CROMA,25,1,0.28126927,1.1690680384635923,48,203,17,8083,0.1791044776119403,0.1912350597609561,0.7384615384615385,0.3037974683544304,0.9061414930555556,0.3500000238418579,0.5241935483870968
SCN_dar_0062,DarEsSalaam,OA_MAE,25,1,0.2677538,1.5443853735923767,26,225,39,8061,0.0896551724137931,0.1035856573705179,0.4,0.1645569620253164,0.9061414930555556,0.3500000238418579,0.5241935483870968
SCN_dar_0062,DarEsSalaam,UNet_S1S2,25,1,0.21299329,1.3360204100608826,49,202,16,8084,0.1835205992509363,0.1952191235059761,0.7538461538461538,0.310126582278481,0.9061414930555556,0.3500000238418579,0.5241935483870968
SCN_dar_0062,DarEsSalaam,UNet_S2,25,1,0.15829212,1.6099884510040283,35,216,30,8070,0.1245551601423487,0.1394422310756972,0.5384615384615384,0.2215189873417721,0.9061414930555556,0.3500000238418579,0.5241935483870968
SCN_dar_0063,DarEsSalaam,CROMA,25,1,0.24832569,1.3637867946778577,45,131,3,2576,0.2513966480446927,0.2556818181818182,0.9375,0.4017857142857143,0.2989366319444444,0.7719999551773071,0.6233766233766234
SCN_dar_0063,DarEsSalaam,OA_MAE,25,1,0.28617066,1.067991241793479,47,120,1,2587,0.2797619047619047,0.281437125748503,0.9791666666666666,0.4372093023255813,0.2989366319444444,0.7719999551773071,0.6233766233766234
SCN_dar_0063,DarEsSalaam,UNet_S1S2,25,1,0.21697308,1.0919832139630468,36,121,12,2586,0.2130177514792899,0.2292993630573248,0.75,0.351219512195122,0.2989366319444444,0.7719999551773071,0.6233766233766234
SCN_dar_0063,DarEsSalaam,UNet_S2,25,1,0.19779794,1.033726525229794,23,69,25,2638,0.1965811965811965,0.25,0.4791666666666667,0.3285714285714285,0.2989366319444444,0.7719999551773071,0.6233766233766234
SCN_dar_0064,DarEsSalaam,CROMA,25,1,0.27921963,1.3206726217269895,57,209,16,8583,0.202127659574468,0.2142857142857142,0.7808219178082192,0.3362831858407079,0.9619140625,0.2209999859333038,1.0
SCN_dar_0064,DarEsSalaam,OA_MAE,25,1,0.26714377,1.46223722042576,24,332,49,8460,0.0592592592592592,0.0674157303370786,0.3287671232876712,0.1118881118881118,0.9619140625,0.2209999859333038,1.0
SCN_dar_0064,DarEsSalaam,UNet_S1S2,25,1,0.22552634,1.3817918115533812,28,328,45,8464,0.0698254364089775,0.0786516853932584,0.3835616438356164,0.1305361305361305,0.9619140625,0.2209999859333038,1.0
SCN_dar_0064,DarEsSalaam,UNet_S2,25,1,0.16269458,1.515942944847982,14,461,59,8331,0.0262172284644194,0.0294736842105263,0.1917808219178082,0.0510948905109489,0.9619140625,0.2209999859333038,1.0
SCN_dar_0065,DarEsSalaam,CROMA,25,1,0.26887722,1.1564940137247883,37,88,12,2054,0.2700729927007299,0.296,0.7551020408163265,0.425287356321839,0.2377387152777778,0.7899999618530273,0.4298245614035088
SCN_dar_0065,DarEsSalaam,OA_MAE,25,1,0.31250607,0.999209068475231,49,106,0,2036,0.3161290322580645,0.3161290322580645,1.0,0.480392156862745,0.2377387152777778,0.7899999618530273,0.4298245614035088
SCN_dar_0065,DarEsSalaam,UNet_S1S2,25,1,0.22850372,1.2838053531544191,32,93,17,2049,0.2253521126760563,0.256,0.6530612244897959,0.367816091954023,0.2377387152777778,0.7899999618530273,0.4298245614035088
SCN_dar_0065,DarEsSalaam,UNet_S2,25,1,0.15673996,1.1513525243728395,17,71,32,2071,0.1416666666666666,0.1931818181818181,0.3469387755102041,0.2481751824817518,0.2377387152777778,0.7899999618530273,0.4298245614035088
SCN_dar_0066,DarEsSalaam,CROMA,25,1,0.2340563,1.04662104552792,25,81,0,3053,0.2358490566037736,0.2358490566037736,1.0,0.381679389312977,0.3427734375,0.7409999370574951,0.352112676056338
SCN_dar_0066,DarEsSalaam,OA_MAE,25,1,0.26845032,0.9227383148670192,25,70,0,3064,0.2631578947368421,0.2631578947368421,1.0,0.4166666666666667,0.3427734375,0.7409999370574951,0.352112676056338
SCN_dar_0066,DarEsSalaam,UNet_S1S2,25,1,0.21592714,1.3111230421066276,20,75,5,3059,0.2,0.2105263157894736,0.8,0.3333333333333333,0.3427734375,0.7409999370574951,0.352112676056338
SCN_dar_0066,DarEsSalaam,UNet_S2,25,1,0.18346346,1.2071031655889262,20,86,5,3048,0.1801801801801801,0.1886792452830188,0.8,0.3053435114503817,0.3427734375,0.7409999370574951,0.352112676056338
SCN_dar_0067,DarEsSalaam,CROMA,25,1,0.28140011,1.354652965068817,54,211,21,8524,0.1888111888111888,0.2037735849056604,0.72,0.3176470588235294,0.9559461805555556,0.2459999769926071,1.0
SCN_dar_0067,DarEsSalaam,OA_MAE,25,1,0.29818016,1.237701481580734,70,195,5,8540,0.2592592592592592,0.2641509433962264,0.9333333333333332,0.411764705882353,0.9559461805555556,0.2459999769926071,1.0
SCN_dar_0067,DarEsSalaam,UNet_S1S2,25,1,0.22063396,1.368807274103164,40,225,35,8510,0.1333333333333333,0.1509433962264151,0.5333333333333333,0.2352941176470588,0.9559461805555556,0.2459999769926071,1.0
SCN_dar_0067,DarEsSalaam,UNet_S2,25,1,0.17493849,1.629609742164612,32,233,43,8502,0.1038961038961039,0.120754716981132,0.4266666666666667,0.188235294117647,0.9559461805555556,0.2459999769926071,1.0
SCN_dar_0068,DarEsSalaam,CROMA,25,1,0.26531804,1.2898728544395892,76,191,12,7700,0.2724014336917563,0.2846441947565543,0.8636363636363636,0.428169014084507,0.8657769097222222,0.4449999630451202,1.0
SCN_dar_0068,DarEsSalaam,OA_MAE,25,1,0.31363062,1.1033272683406825,88,206,0,7685,0.2993197278911564,0.2993197278911564,1.0,0.4607329842931937,0.8657769097222222,0.4449999630451202,1.0
SCN_dar_0068,DarEsSalaam,UNet_S1S2,25,1,0.22910789,1.2816244374039354,77,243,11,7648,0.2326283987915408,0.240625,0.875,0.3774509803921568,0.8657769097222222,0.4449999630451202,1.0
SCN_dar_0068,DarEsSalaam,UNet_S2,25,1,0.16207762,1.5382260990142822,33,207,55,7684,0.111864406779661,0.1375,0.375,0.201219512195122,0.8657769097222222,0.4449999630451202,1.0
SCN_dar_0069,DarEsSalaam,CROMA,25,1,0.24698193,0.8848738523067965,60,183,0,1400,0.2469135802469135,0.2469135802469135,1.0,0.396039603960396,0.1782769097222222,0.808771550655365,0.75
SCN_dar_0069,DarEsSalaam,OA_MAE,25,1,0.30077847,0.8718891635718736,59,135,1,1448,0.3025641025641025,0.3041237113402061,0.9833333333333332,0.4645669291338582,0.1782769097222222,0.808771550655365,0.75
SCN_dar_0069,DarEsSalaam,UNet_S1S2,25,1,0.22051754,0.789948766103355,58,202,2,1381,0.2213740458015267,0.2230769230769231,0.9666666666666668,0.3625,0.1782769097222222,0.808771550655365,0.75
SCN_dar_0069,DarEsSalaam,UNet_S2,25,1,0.1916423,0.8157835340927152,57,236,3,1347,0.1925675675675675,0.1945392491467577,0.95,0.3229461756373937,0.1782769097222222,0.808771550655365,0.75
SCN_dou_0058,Douala,CROMA,25,1,0.26614006,1.1747813604211297,75,201,9,6576,0.2631578947368421,0.2717391304347826,0.8928571428571429,0.4166666666666667,0.7444661458333334,0.543999969959259,0.6614173228346457
SCN_dou_0058,Douala,OA_MAE,25,1,0.31422249,1.183978274902563,76,153,8,6624,0.3206751054852321,0.3318777292576419,0.9047619047619048,0.4856230031948881,0.7444661458333334,0.543999969959259,0.6614173228346457
SCN_dou_0058,Douala,UNet_S1S2,25,1,0.22563954,1.3194231986999512,35,171,49,6606,0.1372549019607843,0.1699029126213592,0.4166666666666667,0.2413793103448276,0.7444661458333334,0.543999969959259,0.6614173228346457
SCN_dou_0058,Douala,UNet_S2,25,1,0.17956258,1.3691142921379391,28,225,56,6552,0.0906148867313915,0.1106719367588932,0.3333333333333333,0.1661721068249258,0.7444661458333334,0.543999969959259,0.6614173228346457
SCN_dou_0059,Douala,CROMA,25,1,0.26108533,1.1586506128695708,59,165,11,6469,0.251063829787234,0.2633928571428571,0.8428571428571429,0.4013605442176871,0.7274305555555556,0.5759999752044678,0.958904109589041
SCN_dou_0059,Douala,OA_MAE,25,1,0.2946478,1.2818561911582944,63,139,7,6495,0.3014354066985646,0.3118811881188119,0.9,0.4632352941176471,0.7274305555555556,0.5759999752044678,0.958904109589041
SCN_dou_0059,Douala,UNet_S1S2,25,1,0.2021965,1.262826041679657,64,251,6,6383,0.1993769470404984,0.2031746031746031,0.9142857142857144,0.3324675324675324,0.7274305555555556,0.5759999752044678,0.958904109589041
SCN_dou_0059,Douala,UNet_S2,25,1,0.16800853,1.528360505104065,38,164,32,6470,0.1623931623931624,0.1881188118811881,0.5428571428571428,0.2794117647058823,0.7274305555555556,0.5759999752044678,0.958904109589041
SCN_dou_0060,Douala,CROMA,25,1,0.2620656,1.1346832254368775,16,45,0,1441,0.2622950819672131,0.2622950819672131,1.0,0.4155844155844155,0.1629774305555555,0.8293939232826233,0.2191780821917808
SCN_dou_0060,Douala,OA_MAE,25,1,0.24208932,1.419160177707672,12,34,4,1452,0.24,0.2608695652173913,0.75,0.3870967741935483,0.1629774305555555,0.8293939232826233,0.2191780821917808
SCN_dou_0060,Douala,UNet_S1S2,25,1,0.20359997,1.3542967629432678,10,36,6,1450,0.1923076923076923,0.217391304347826,0.625,0.3225806451612903,0.1629774305555555,0.8293939232826233,0.2191780821917808
SCN_dou_0060,Douala,UNet_S2,25,1,0.19413712,1.1224605166912085,8,38,8,1448,0.1481481481481481,0.1739130434782608,0.5,0.2580645161290322,0.1629774305555555,0.8293939232826233,0.2191780821917808
SCN_dou_0061,Douala,CROMA,25,1,0.2776383,1.2834010970592498,66,207,8,8787,0.2348754448398576,0.2417582417582417,0.8918918918918919,0.3804034582132565,0.9839409722222222,0.3139999806880951,1.0
SCN_dou_0061,Douala,OA_MAE,25,1,0.31685042,1.2614820635318755,72,201,2,8793,0.2618181818181818,0.2637362637362637,0.972972972972973,0.414985590778098,0.9839409722222222,0.3139999806880951,1.0
SCN_dou_0061,Douala,UNet_S1S2,25,1,0.24142499,1.4303512334823607,50,223,24,8771,0.1683501683501683,0.1831501831501831,0.6756756756756757,0.2881844380403458,0.9839409722222222,0.3139999806880951,1.0
SCN_dou_0061,Douala,UNet_S2,25,1,0.17191653,1.456561129298262,13,351,61,8643,0.0305882352941176,0.0357142857142857,0.1756756756756756,0.0593607305936072,0.9839409722222222,0.3139999806880951,1.0
SCN_dou_0062,Douala,CROMA,25,1,0.25830211,1.1894459400253912,100,268,21,8783,0.2570694087403599,0.2717391304347826,0.8264462809917356,0.4089979550102249,0.9952256944444444,0.113999992609024,1.0
SCN_dou_0062,Douala,OA_MAE,25,1,0.30172636,1.2128425412408768,96,211,25,8840,0.2891566265060241,0.3127035830618892,0.7933884297520661,0.4485981308411215,0.9952256944444444,0.113999992609024,1.0
SCN_dou_0062,Douala,UNet_S1S2,25,1,0.2275629,1.3776050036953351,85,252,36,8799,0.227882037533512,0.2522255192878338,0.7024793388429752,0.37117903930131,0.9952256944444444,0.113999992609024,1.0
SCN_dou_0062,Douala,UNet_S2,25,1,0.19329393,1.737590340375899,40,236,81,8815,0.1120448179271708,0.144927536231884,0.3305785123966942,0.2015113350125944,0.9952256944444444,0.113999992609024,1.0
SCN_dou_0063,Douala,CROMA,25,1,0.25866571,1.1221516278824055,34,98,1,2180,0.2556390977443609,0.2575757575757575,0.9714285714285714,0.407185628742515,0.2509765625,0.812000036239624,0.4216867469879518
SCN_dou_0063,Douala,OA_MAE,25,1,0.28248249,0.944086147952678,32,77,3,2201,0.2857142857142857,0.2935779816513761,0.9142857142857144,0.4444444444444445,0.2509765625,0.812000036239624,0.4216867469879518
SCN_dou_0063,Douala,UNet_S1S2,25,1,0.23221356,1.1804189663890443,34,114,1,2164,0.2281879194630872,0.2297297297297297,0.9714285714285714,0.3715846994535519,0.2509765625,0.812000036239624,0.4216867469879518
SCN_dou_0063,Douala,UNet_S2,25,1,0.19033997,1.5264621233854685,20,104,15,2174,0.1438848920863309,0.1612903225806451,0.5714285714285714,0.2515723270440251,0.2509765625,0.812000036239624,0.4216867469879518
SCN_dou_0064,Douala,CROMA,25,1,0.2887658,1.1821477699279783,11,148,10,5113,0.0650887573964497,0.0691823899371069,0.5238095238095238,0.1222222222222222,0.5731336805555556,0.6209999918937683,0.2916666666666667
SCN_dou_0064,Douala,OA_MAE,25,1,0.30554942,1.1860046994686124,13,146,8,5115,0.0778443113772455,0.0817610062893081,0.6190476190476191,0.1444444444444444,0.5731336805555556,0.6209999918937683,0.2916666666666667
SCN_dou_0064,Douala,UNet_S1S2,25,1,0.22077167,1.258586650240806,8,204,13,5057,0.0355555555555555,0.0377358490566037,0.3809523809523809,0.0686695278969957,0.5731336805555556,0.6209999918937683,0.2916666666666667
SCN_dou_0064,Douala,UNet_S2,25,1,0.18666027,1.25247744306014,6,242,15,5019,0.0228136882129277,0.0241935483870967,0.2857142857142857,0.0446096654275093,0.5731336805555556,0.6209999918937683,0.2916666666666667
SCN_dou_0065,Douala,CROMA,25,1,0.26923566,1.3611248128388536,66,187,1,7313,0.2598425196850393,0.2608695652173913,0.9850746268656716,0.4124999999999999,0.8210720486111112,0.4560000002384186,1.0
SCN_dou_0065,Douala,OA_MAE,25,1,0.30680146,1.2993720936775208,60,167,7,7333,0.2564102564102564,0.2643171806167401,0.8955223880597015,0.4081632653061224,0.8210720486111112,0.4560000002384186,1.0
SCN_dou_0065,Douala,UNet_S1S2,25,1,0.20263268,1.4312761116027823,42,185,25,7315,0.1666666666666666,0.185022026431718,0.6268656716417911,0.2857142857142857,0.8210720486111112,0.4560000002384186,1.0
SCN_dou_0065,Douala,UNet_S2,25,1,0.17827624,1.3588746190071104,36,191,31,7309,0.1395348837209302,0.158590308370044,0.5373134328358209,0.2448979591836735,0.8210720486111112,0.4560000002384186,1.0
SCN_dou_0066,Douala,CROMA,25,1,0.26614125,1.0893142333551975,19,42,11,1218,0.2638888888888889,0.3114754098360656,0.6333333333333333,0.4175824175824176,0.1399739583333333,0.8325284123420715,1.0
SCN_dou_0066,Douala,OA_MAE,25,1,0.2782056,0.7596956030121841,30,79,0,1181,0.2752293577981651,0.2752293577981651,1.0,0.4316546762589928,0.1399739583333333,0.8325284123420715,1.0
SCN_dou_0066,Douala,UNet_S1S2,25,1,0.23610924,1.023708340083399,18,47,12,1213,0.2337662337662337,0.2769230769230769,0.6,0.3789473684210526,0.1399739583333333,0.8325284123420715,1.0
SCN_dou_0066,Douala,UNet_S2,25,1,0.19458354,1.144516312601746,5,99,25,1161,0.0387596899224806,0.048076923076923,0.1666666666666666,0.0746268656716417,0.1399739583333333,0.8325284123420715,1.0
SCN_dou_0067,Douala,CROMA,25,1,0.28302692,1.3495474190481254,34,211,6,7083,0.1354581673306772,0.1387755102040816,0.85,0.2385964912280701,0.7957899305555556,0.4759999513626098,0.5714285714285714
SCN_dou_0067,Douala,OA_MAE,25,1,0.27300361,1.45280809879303,18,202,22,7092,0.0743801652892562,0.0818181818181818,0.45,0.1384615384615384,0.7957899305555556,0.4759999513626098,0.5714285714285714
SCN_dou_0067,Douala,UNet_S1S2,25,1,0.23298256,1.418028997182846,31,189,9,7105,0.1353711790393013,0.1409090909090909,0.775,0.2384615384615384,0.7957899305555556,0.4759999513626098,0.5714285714285714
SCN_dou_0067,Douala,UNet_S2,25,1,0.16419652,1.4467578577995304,13,207,27,7087,0.0526315789473684,0.059090909090909,0.325,0.0999999999999999,0.7957899305555556,0.4759999513626098,0.5714285714285714
SCN_dou_0068,Douala,CROMA,25,1,0.25525768,0.5460393928456053,48,139,0,1138,0.2566844919786096,0.2566844919786096,1.0,0.4085106382978723,0.1437717013888889,0.8552053570747375,0.3902439024390244
SCN_dou_0068,Douala,OA_MAE,25,1,0.31269102,0.6502063028530407,48,104,0,1173,0.3157894736842105,0.3157894736842105,1.0,0.4799999999999999,0.1437717013888889,0.8552053570747375,0.3902439024390244
SCN_dou_0068,Douala,UNet_S1S2,25,1,0.19478218,0.8246531824142704,40,156,8,1121,0.196078431372549,0.2040816326530612,0.8333333333333334,0.3278688524590165,0.1437717013888889,0.8552053570747375,0.3902439024390244
SCN_dou_0068,Douala,UNet_S2,25,1,0.18353692,0.3846973791558256,36,147,12,1130,0.1846153846153846,0.1967213114754098,0.75,0.3116883116883117,0.1437717013888889,0.8552053570747375,0.3902439024390244
SCN_dou_0069,Douala,CROMA,25,1,0.25796203,1.290564222147816,20,57,3,1551,0.25,0.2597402597402597,0.8695652173913043,0.3999999999999999,0.1769748263888889,0.8229999542236328,0.2233009708737864
SCN_dou_0069,Douala,OA_MAE,25,1,0.28365692,0.9531732657263364,23,59,0,1549,0.2804878048780488,0.2804878048780488,1.0,0.4380952380952381,0.1769748263888889,0.8229999542236328,0.2233009708737864
SCN_dou_0069,Douala,UNet_S1S2,25,1,0.23462128,1.188333225250244,10,39,13,1569,0.1612903225806451,0.2040816326530612,0.4347826086956521,0.2777777777777778,0.1769748263888889,0.8229999542236328,0.2233009708737864
SCN_dou_0069,Douala,UNet_S2,25,1,0.17895668,1.3800889865044628,10,45,13,1563,0.1470588235294117,0.1818181818181818,0.4347826086956521,0.2564102564102564,0.1769748263888889,0.8229999542236328,0.2233009708737864
SCN_gar_0058,Garoua,CROMA,25,1,0.30601815,1.2553090631961823,77,200,9,8920,0.2692307692307692,0.2779783393501805,0.8953488372093024,0.4242424242424243,0.9989149305555556,0.1499999612569809,1.0
SCN_gar_0058,Garoua,OA_MAE,25,1,0.33559613,1.187507236003876,64,213,22,8907,0.2140468227424749,0.2310469314079422,0.7441860465116279,0.3526170798898072,0.9989149305555556,0.1499999612569809,1.0
SCN_gar_0058,Garoua,UNet_S1S2,25,1,0.25753716,1.4281797647476198,59,218,27,8902,0.194078947368421,0.2129963898916967,0.686046511627907,0.325068870523416,0.9989149305555556,0.1499999612569809,1.0
SCN_gar_0058,Garoua,UNet_S2,25,1,0.22679679,1.4812446844406884,42,266,44,8854,0.1193181818181818,0.1363636363636363,0.4883720930232558,0.2131979695431471,0.9989149305555556,0.1499999612569809,1.0
SCN_gar_0059,Garoua,CROMA,25,1,0.27789889,1.3457360863685586,49,228,17,8922,0.1666666666666666,0.1768953068592057,0.7424242424242424,0.2857142857142857,1.0,0.0599999874830246,1.0
SCN_gar_0059,Garoua,OA_MAE,25,1,0.31423342,1.2131998598575582,48,229,18,8921,0.1627118644067796,0.1732851985559566,0.7272727272727273,0.2798833819241982,1.0,0.0599999874830246,1.0
SCN_gar_0059,Garoua,UNet_S1S2,25,1,0.24995374,1.5884678900241846,41,236,25,8914,0.1357615894039735,0.148014440433213,0.6212121212121212,0.2390670553935859,1.0,0.0599999874830246,1.0
SCN_gar_0059,Garoua,UNet_S2,25,1,0.22092939,1.5217789386335667,26,655,40,8495,0.0360610263522884,0.0381791483113069,0.3939393939393939,0.0696117804551539,1.0,0.0599999874830246,1.0
SCN_gar_0060,Garoua,CROMA,25,1,0.32190053,0.9526886143073384,56,101,15,1196,0.3255813953488372,0.3566878980891719,0.7887323943661971,0.4912280701754385,0.1484375,0.8479999899864197,0.7319587628865979
SCN_gar_0060,Garoua,OA_MAE,25,1,0.33288739,0.7801364928483964,69,138,2,1159,0.3301435406698564,0.3333333333333333,0.971830985915493,0.4964028776978417,0.1484375,0.8479999899864197,0.7319587628865979
SCN_gar_0060,Garoua,UNet_S1S2,25,1,0.2587507,0.6637946324856905,58,154,13,1143,0.2577777777777778,0.2735849056603773,0.8169014084507042,0.4098939929328621,0.1484375,0.8479999899864197,0.7319587628865979
SCN_gar_0060,Garoua,UNet_S2,25,1,0.2591522,0.7067556327709588,58,154,13,1143,0.2577777777777778,0.2735849056603773,0.8169014084507042,0.4098939929328621,0.1484375,0.8479999899864197,0.7319587628865979
SCN_gar_0061,Garoua,CROMA,25,1,0.28799919,1.099891369342804,19,36,15,1748,0.2714285714285714,0.3454545454545454,0.5588235294117647,0.4269662921348314,0.197265625,0.7835293412208557,0.5396825396825397
SCN_gar_0061,Garoua,OA_MAE,25,1,0.33148061,1.0441295611602004,33,65,1,1719,0.3333333333333333,0.336734693877551,0.9705882352941176,0.5,0.197265625,0.7835293412208557,0.5396825396825397
SCN_gar_0061,Garoua,UNet_S1S2,25,1,0.23968298,1.1100533894356006,30,92,4,1692,0.238095238095238,0.2459016393442623,0.8823529411764706,0.3846153846153846,0.197265625,0.7835293412208557,0.5396825396825397
SCN_gar_0061,Garoua,UNet_S2,25,1,0.21109814,0.900953625000506,14,102,20,1682,0.1029411764705882,0.1206896551724138,0.4117647058823529,0.1866666666666666,0.197265625,0.7835293412208557,0.5396825396825397
SCN_gar_0062,Garoua,CROMA,25,1,0.31074787,1.2614485085010512,73,171,7,7855,0.2908366533864542,0.2991803278688524,0.9125,0.4506172839506173,0.8795572916666666,0.3359999656677246,1.0
SCN_gar_0062,Garoua,OA_MAE,25,1,0.32143397,1.2271416604518877,74,170,6,7856,0.296,0.3032786885245901,0.925,0.4567901234567901,0.8795572916666666,0.3359999656677246,1.0
SCN_gar_0062,Garoua,UNet_S1S2,25,1,0.24915353,1.292414158732233,70,201,10,7825,0.2491103202846975,0.2583025830258302,0.875,0.3988603988603988,0.8795572916666666,0.3359999656677246,1.0
SCN_gar_0062,Garoua,UNet_S2,25,1,0.23303228,1.5875681757926938,49,195,31,7831,0.1781818181818182,0.2008196721311475,0.6125,0.3024691358024691,0.8795572916666666,0.3359999656677246,1.0
SCN_gar_0063,Garoua,CROMA,25,1,0.27850406,1.2122846698760985,15,36,11,1611,0.2419354838709677,0.2941176470588235,0.5769230769230769,0.3896103896103896,0.1815321180555555,0.818291962146759,0.2653061224489796
SCN_gar_0063,Garoua,OA_MAE,25,1,0.3294477,0.9668559827941294,26,53,0,1594,0.3291139240506329,0.3291139240506329,1.0,0.4952380952380952,0.1815321180555555,0.818291962146759,0.2653061224489796
SCN_gar_0063,Garoua,UNet_S1S2,25,1,0.26529012,1.1038457587799295,26,70,0,1577,0.2708333333333333,0.2708333333333333,1.0,0.4262295081967213,0.1815321180555555,0.818291962146759,0.2653061224489796
SCN_gar_0063,Garoua,UNet_S2,25,1,0.21686726,0.8940921378990235,8,65,18,1582,0.0879120879120879,0.1095890410958904,0.3076923076923077,0.1616161616161616,0.1815321180555555,0.818291962146759,0.2653061224489796
SCN_gar_0064,Garoua,CROMA,25,1,0.2841376,1.2616095077606944,35,272,10,8882,0.1104100946372239,0.1140065146579804,0.7777777777777778,0.1988636363636363,0.9981553819444444,0.1829999983310699,1.0
SCN_gar_0064,Garoua,OA_MAE,25,1,0.33707008,1.2649298286437982,23,253,22,8901,0.0771812080536912,0.0833333333333333,0.5111111111111111,0.1433021806853582,0.9981553819444444,0.1829999983310699,1.0
SCN_gar_0064,Garoua,UNet_S1S2,25,1,0.25935221,1.4389536571502666,15,261,30,8893,0.0490196078431372,0.0543478260869565,0.3333333333333333,0.0934579439252336,0.9981553819444444,0.1829999983310699,1.0
SCN_gar_0064,Garoua,UNet_S2,25,1,0.22009852,1.736970880569951,11,296,34,8858,0.032258064516129,0.0358306188925081,0.2444444444444444,0.0625,0.9981553819444444,0.1829999983310699,1.0
SCN_gar_0065,Garoua,CROMA,25,1,0.29204436,1.4026513266563416,66,209,31,8833,0.2156862745098039,0.24,0.6804123711340206,0.3548387096774194,0.9916449652777778,0.1919999718666076,1.0
SCN_gar_0065,Garoua,OA_MAE,25,1,0.34702629,1.3608436274528508,75,200,22,8842,0.2525252525252525,0.2727272727272727,0.7731958762886598,0.4032258064516129,0.9916449652777778,0.1919999718666076,1.0
SCN_gar_0065,Garoua,UNet_S1S2,25,1,0.2773582,1.4857478952407848,34,241,63,8801,0.1005917159763313,0.1236363636363636,0.3505154639175257,0.1827956989247312,0.9916449652777778,0.1919999718666076,1.0
SCN_gar_0065,Garoua,UNet_S2,25,1,0.24807515,1.6898020267486575,44,231,53,8811,0.1341463414634146,0.16,0.4536082474226804,0.2365591397849462,0.9916449652777778,0.1919999718666076,1.0
SCN_gar_0066,Garoua,CROMA,25,1,0.3197068,0.6788239105734774,66,140,1,949,0.3188405797101449,0.3203883495145631,0.9850746268656716,0.4835164835164836,0.1254340277777778,0.8263468146324158,0.6146788990825688
SCN_gar_0066,Garoua,OA_MAE,25,1,0.3251997,0.65137094538058,67,139,0,950,0.3252427184466019,0.3252427184466019,1.0,0.4908424908424908,0.1254340277777778,0.8263468146324158,0.6146788990825688
SCN_gar_0066,Garoua,UNet_S1S2,25,1,0.26443799,0.5841031665763547,64,174,3,915,0.2655601659751037,0.2689075630252101,0.9552238805970148,0.4196721311475409,0.1254340277777778,0.8263468146324158,0.6146788990825688
SCN_gar_0066,Garoua,UNet_S2,25,1,0.21853435,0.3572505663319301,64,224,3,865,0.2199312714776632,0.2222222222222222,0.9552238805970148,0.3605633802816901,0.1254340277777778,0.8263468146324158,0.6146788990825688
SCN_gar_0067,Garoua,CROMA,25,1,0.28761186,0.8594026568243587,31,65,13,906,0.2844036697247706,0.3229166666666667,0.7045454545454546,0.4428571428571428,0.1101345486111111,0.8402426242828369,1.0
SCN_gar_0067,Garoua,OA_MAE,25,1,0.32347469,0.9625120895267814,42,85,2,886,0.3255813953488372,0.3307086614173228,0.9545454545454546,0.4912280701754386,0.1101345486111111,0.8402426242828369,1.0
SCN_gar_0067,Garoua,UNet_S1S2,25,1,0.28017205,1.3253813174463098,18,20,26,951,0.28125,0.4736842105263157,0.4090909090909091,0.4390243902439024,0.1101345486111111,0.8402426242828369,1.0
SCN_gar_0067,Garoua,UNet_S2,25,1,0.22704613,0.6555740208779615,24,62,20,909,0.2264150943396226,0.2790697674418604,0.5454545454545454,0.3692307692307691,0.1101345486111111,0.8402426242828369,1.0
SCN_gar_0068,Garoua,CROMA,25,1,0.2968486,1.505107092857361,91,185,37,8857,0.2907348242811501,0.3297101449275362,0.7109375,0.4504950495049505,0.9950086805555556,0.1899999976158142,1.0
SCN_gar_0068,Garoua,OA_MAE,25,1,0.31346039,1.2636230552196503,89,187,39,8855,0.2825396825396825,0.322463768115942,0.6953125,0.4405940594059406,0.9950086805555556,0.1899999976158142,1.0
SCN_gar_0068,Garoua,UNet_S1S2,25,1,0.25841088,1.4767566215991974,69,207,59,8835,0.2059701492537313,0.25,0.5390625,0.3415841584158416,0.9950086805555556,0.1899999976158142,1.0
SCN_gar_0068,Garoua,UNet_S2,25,1,0.23787761,1.728977460861208,33,243,95,8799,0.0889487870619946,0.1195652173913043,0.2578125,0.1633663366336633,0.9950086805555556,0.1899999976158142,1.0
SCN_gar_0069,Garoua,CROMA,25,1,0.29965185,1.136350654466178,71,161,3,3059,0.3021276595744681,0.3060344827586206,0.9594594594594594,0.4640522875816993,0.357421875,0.7539999485015869,0.6666666666666666
SCN_gar_0069,Garoua,OA_MAE,25,1,0.31385141,0.9556444428663532,71,150,3,3070,0.3169642857142857,0.3212669683257919,0.9594594594594594,0.4813559322033898,0.357421875,0.7539999485015869,0.6666666666666666
SCN_gar_0069,Garoua,UNet_S1S2,25,1,0.25713665,1.1637650953612455,41,80,33,3140,0.2662337662337662,0.3388429752066115,0.5540540540540541,0.4205128205128204,0.357421875,0.7539999485015869,0.6666666666666666
SCN_gar_0069,Garoua,UNet_S2,25,1,0.22705922,1.5130161227846668,31,79,43,3141,0.2026143790849673,0.2818181818181818,0.4189189189189189,0.3369565217391304,0.357421875,0.7539999485015869,0.6666666666666666
SCN_kig_0058,Kigali,CROMA,25,1,0.32050584,1.2620895981788636,25,34,20,1864,0.3164556962025316,0.423728813559322,0.5555555555555556,0.4807692307692307,0.2108289930555555,0.7889971137046814,0.4639175257731959
SCN_kig_0058,Kigali,OA_MAE,25,1,0.32762919,0.9621829517896032,44,87,1,1811,0.3333333333333333,0.3358778625954198,0.9777777777777776,0.5,0.2108289930555555,0.7889971137046814,0.4639175257731959
SCN_kig_0058,Kigali,UNet_S1S2,25,1,0.24957972,1.6817291140556336,18,41,27,1857,0.2093023255813953,0.3050847457627119,0.4,0.3461538461538462,0.2108289930555555,0.7889971137046814,0.4639175257731959
SCN_kig_0058,Kigali,UNet_S2,25,1,0.23109908,0.9972565741821,37,113,8,1785,0.2341772151898734,0.2466666666666666,0.8222222222222222,0.3794871794871795,0.2108289930555555,0.7889971137046814,0.4639175257731959
SCN_kig_0059,Kigali,CROMA,25,1,0.30315488,1.0840976655483243,26,173,16,6407,0.1209302325581395,0.1306532663316583,0.6190476190476191,0.2157676348547718,0.7185329861111112,0.5249999761581421,0.6885245901639344
SCN_kig_0059,Kigali,OA_MAE,25,1,0.31908233,0.99794402718544,35,164,7,6416,0.1699029126213592,0.1758793969849246,0.8333333333333334,0.2904564315352697,0.7185329861111112,0.5249999761581421,0.6885245901639344
SCN_kig_0059,Kigali,UNet_S1S2,25,1,0.28883938,1.193983554840088,23,176,19,6404,0.1055045871559633,0.1155778894472361,0.5476190476190477,0.1908713692946058,0.7185329861111112,0.5249999761581421,0.6885245901639344
SCN_kig_0059,Kigali,UNet_S2,25,1,0.23484788,1.3332798691206094,26,195,16,6385,0.1097046413502109,0.1176470588235294,0.6190476190476191,0.1977186311787072,0.7185329861111112,0.5249999761581421,0.6885245901639344
SCN_kig_0060,Kigali,CROMA,25,1,0.32376035,0.7616349397936175,48,98,1,1210,0.3265306122448979,0.3287671232876712,0.979591836734694,0.4923076923076923,0.1472439236111111,0.8246657848358154,0.6621621621621622
SCN_kig_0060,Kigali,OA_MAE,25,1,0.30678248,1.3108124010024536,44,93,5,1215,0.3098591549295774,0.3211678832116788,0.8979591836734694,0.4731182795698924,0.1472439236111111,0.8246657848358154,0.6621621621621622
SCN_kig_0060,Kigali,UNet_S1S2,25,1,0.2405252,0.9204716213544212,45,138,4,1170,0.2406417112299465,0.2459016393442623,0.9183673469387756,0.3879310344827586,0.1472439236111111,0.8246657848358154,0.6621621621621622
SCN_kig_0060,Kigali,UNet_S2,25,1,0.22702013,0.8498616795386038,27,69,22,1239,0.2288135593220339,0.28125,0.5510204081632653,0.3724137931034482,0.1472439236111111,0.8246657848358154,0.6621621621621622
SCN_kig_0061,Kigali,CROMA,25,1,0.30986355,0.959240152150072,40,88,1,1233,0.3100775193798449,0.3125,0.975609756097561,0.4733727810650887,0.1477864583333333,0.8201882839202881,0.640625
SCN_kig_0061,Kigali,OA_MAE,25,1,0.3423849,1.0078037470771422,36,65,5,1256,0.3396226415094339,0.3564356435643564,0.8780487804878049,0.5070422535211268,0.1477864583333333,0.8201882839202881,0.640625
SCN_kig_0061,Kigali,UNet_S1S2,25,1,0.28875978,1.0477461609532757,28,55,13,1266,0.2916666666666667,0.3373493975903614,0.6829268292682927,0.4516129032258065,0.1477864583333333,0.8201882839202881,0.640625
SCN_kig_0061,Kigali,UNet_S2,25,1,0.19336527,0.6237915268209243,24,109,17,1212,0.16,0.1804511278195488,0.5853658536585366,0.2758620689655172,0.1477864583333333,0.8201882839202881,0.640625
SCN_kig_0062,Kigali,CROMA,25,1,0.33415241,1.2650215601921082,23,199,4,7153,0.1017699115044247,0.1036036036036036,0.8518518518518519,0.1847389558232931,0.8006727430555556,0.4640000164508819,0.3970588235294117
SCN_kig_0062,Kigali,OA_MAE,25,1,0.31354407,1.4452753806114196,12,210,15,7142,0.050632911392405,0.054054054054054,0.4444444444444444,0.0963855421686747,0.8006727430555556,0.4640000164508819,0.3970588235294117
SCN_kig_0062,Kigali,UNet_S1S2,25,1,0.25536063,1.1645162619484803,20,227,7,7125,0.0787401574803149,0.0809716599190283,0.7407407407407407,0.145985401459854,0.8006727430555556,0.4640000164508819,0.3970588235294117
SCN_kig_0062,Kigali,UNet_S2,25,1,0.19538916,1.689707877900866,14,233,13,7119,0.0538461538461538,0.0566801619433198,0.5185185185185185,0.1021897810218978,0.8006727430555556,0.4640000164508819,0.3970588235294117
SCN_kig_0063,Kigali,CROMA,25,1,0.2901758,1.3608759033679965,35,68,19,2948,0.2868852459016393,0.3398058252427184,0.6481481481481481,0.4458598726114649,0.3331163194444444,0.7529999613761902,0.4655172413793103
SCN_kig_0063,Kigali,OA_MAE,25,1,0.33170928,1.1655525398254398,45,79,9,2937,0.3383458646616541,0.3629032258064516,0.8333333333333334,0.5056179775280899,0.3331163194444444,0.7529999613761902,0.4655172413793103
SCN_kig_0063,Kigali,UNet_S1S2,25,1,0.24156959,1.3004344701766968,33,80,21,2936,0.2462686567164179,0.2920353982300885,0.6111111111111112,0.3952095808383233,0.3331163194444444,0.7529999613761902,0.4655172413793103
SCN_kig_0063,Kigali,UNet_S2,25,1,0.21450134,1.4305288684368145,28,96,26,2920,0.1866666666666666,0.2258064516129032,0.5185185185185185,0.3146067415730337,0.3331163194444444,0.7529999613761902,0.4655172413793103
SCN_kig_0064,Kigali,CROMA,25,1,0.29665991,1.147706224926911,41,169,28,5476,0.1722689075630252,0.1952380952380952,0.5942028985507246,0.2939068100358423,0.6200086805555556,0.5989999771118164,0.5609756097560976
SCN_kig_0064,Kigali,OA_MAE,25,1,0.31198419,1.0144433938944213,62,129,7,5516,0.3131313131313131,0.3246073298429319,0.8985507246376812,0.4769230769230769,0.6200086805555556,0.5989999771118164,0.5609756097560976
SCN_kig_0064,Kigali,UNet_S1S2,25,1,0.26510161,1.1491975616896024,29,162,40,5483,0.1255411255411255,0.1518324607329843,0.4202898550724637,0.223076923076923,0.6200086805555556,0.5989999771118164,0.5609756097560976
SCN_kig_0064,Kigali,UNet_S2,25,1,0.21687227,1.4275937079357846,37,154,32,5491,0.1659192825112107,0.193717277486911,0.5362318840579711,0.2846153846153846,0.6200086805555556,0.5989999771118164,0.5609756097560976
SCN_kig_0065,Kigali,CROMA,25,1,0.30547406,1.2630317986011503,32,193,16,7255,0.1327800829875518,0.1422222222222222,0.6666666666666666,0.2344322344322344,0.8133680555555556,0.4279999732971191,0.6153846153846154
SCN_kig_0065,Kigali,OA_MAE,25,1,0.32267287,1.2165418624877928,44,181,4,7267,0.1921397379912663,0.1955555555555555,0.9166666666666666,0.3223443223443223,0.8133680555555556,0.4279999732971191,0.6153846153846154
SCN_kig_0065,Kigali,UNet_S1S2,25,1,0.27041067,1.3000954687595354,37,188,11,7260,0.1567796610169491,0.1644444444444444,0.7708333333333334,0.271062271062271,0.8133680555555556,0.4279999732971191,0.6153846153846154
SCN_kig_0065,Kigali,UNet_S2,25,1,0.20179557,1.4823651736141537,25,352,23,7096,0.0625,0.0663129973474801,0.5208333333333334,0.1176470588235294,0.8133680555555556,0.4279999732971191,0.6153846153846154
SCN_kig_0066,Kigali,CROMA,25,1,0.33640032,0.96766781441627,55,104,6,1047,0.3333333333333333,0.3459119496855345,0.9016393442622952,0.5,0.1315104166666666,0.8429999947547913,0.4518518518518518
SCN_kig_0066,Kigali,OA_MAE,25,1,0.30167363,1.3634069541491916,34,121,27,1030,0.1868131868131868,0.2193548387096774,0.5573770491803278,0.3148148148148148,0.1315104166666666,0.8429999947547913,0.4518518518518518
SCN_kig_0066,Kigali,UNet_S1S2,25,1,0.2781742,1.2369142794737251,40,83,21,1068,0.2777777777777778,0.3252032520325203,0.6557377049180327,0.4347826086956521,0.1315104166666666,0.8429999947547913,0.4518518518518518
SCN_kig_0066,Kigali,UNet_S2,25,1,0.22115514,1.1409158165993227,51,169,10,982,0.2217391304347826,0.2318181818181818,0.8360655737704918,0.3629893238434164,0.1315104166666666,0.8429999947547913,0.4518518518518518
SCN_kig_0067,Kigali,CROMA,25,1,0.33904366,1.2871460513273876,7,363,17,8817,0.0180878552971576,0.0189189189189189,0.2916666666666667,0.0355329949238578,0.9986979166666666,0.1759999841451645,1.0
SCN_kig_0067,Kigali,OA_MAE,25,1,0.34485409,1.1899773907661435,20,257,4,8923,0.0711743772241993,0.0722021660649819,0.8333333333333334,0.132890365448505,0.9986979166666666,0.1759999841451645,1.0
SCN_kig_0067,Kigali,UNet_S1S2,25,1,0.25805438,1.3308054947853087,4,273,20,8907,0.0134680134680134,0.0144404332129963,0.1666666666666666,0.0265780730897009,0.9986979166666666,0.1759999841451645,1.0
SCN_kig_0067,Kigali,UNet_S2,25,1,0.22430179,1.066811221064633,11,1444,13,7736,0.0074931880108991,0.0075601374570446,0.4583333333333333,0.0148749154834347,0.9986979166666666,0.1759999841451645,1.0
SCN_kig_0068,Kigali,CROMA,25,1,0.32974759,1.398576536178589,43,188,18,7430,0.1726907630522088,0.1861471861471861,0.7049180327868853,0.2945205479452055,0.8332248263888888,0.4369999468326568,1.0
SCN_kig_0068,Kigali,OA_MAE,25,1,0.32811361,1.489781913757324,35,196,26,7422,0.1361867704280155,0.1515151515151515,0.5737704918032787,0.2397260273972603,0.8332248263888888,0.4369999468326568,1.0
SCN_kig_0068,Kigali,UNet_S1S2,25,1,0.24699628,1.408273808956146,24,207,37,7411,0.0895522388059701,0.1038961038961039,0.3934426229508196,0.1643835616438356,0.8332248263888888,0.4369999468326568,1.0
SCN_kig_0068,Kigali,UNet_S2,25,1,0.22840175,1.5384688067436216,28,203,33,7415,0.106060606060606,0.1212121212121212,0.4590163934426229,0.1917808219178082,0.8332248263888888,0.4369999468326568,1.0
SCN_kig_0069,Kigali,CROMA,25,1,0.30438597,1.0914277255535123,8,36,6,1406,0.16,0.1818181818181818,0.5714285714285714,0.2758620689655172,0.1579861111111111,0.810448944568634,0.1686746987951807
SCN_kig_0069,Kigali,OA_MAE,25,1,0.33793063,0.921825435757637,12,32,2,1410,0.2608695652173913,0.2727272727272727,0.8571428571428571,0.4137931034482758,0.1579861111111111,0.810448944568634,0.1686746987951807
SCN_kig_0069,Kigali,UNet_S1S2,25,1,0.24429758,0.8761528462171548,10,34,4,1408,0.2083333333333333,0.2272727272727272,0.7142857142857143,0.3448275862068965,0.1579861111111111,0.810448944568634,0.1686746987951807
SCN_kig_0069,Kigali,UNet_S2,25,1,0.21842984,1.254704142962733,13,46,1,1396,0.2166666666666666,0.2203389830508474,0.9285714285714286,0.3561643835616438,0.1579861111111111,0.810448944568634,0.1686746987951807
SCN_yao_0058,Yaounde,CROMA,25,1,0.24964554,1.0923888940537705,117,335,13,7970,0.2516129032258064,0.2588495575221239,0.9,0.402061855670103,0.9152560763888888,0.2889999747276306,0.9420289855072465
SCN_yao_0058,Yaounde,OA_MAE,25,1,0.29443613,1.097769196469297,108,231,22,8074,0.299168975069252,0.3185840707964602,0.8307692307692308,0.4605543710021322,0.9152560763888888,0.2889999747276306,0.9420289855072465
SCN_yao_0058,Yaounde,UNet_S1S2,25,1,0.20935808,1.3333425291379293,97,327,33,7978,0.212253829321663,0.2287735849056603,0.7461538461538462,0.3501805054151624,0.9152560763888888,0.2889999747276306,0.9420289855072465
SCN_yao_0058,Yaounde,UNet_S2,25,1,0.16988462,1.589219547890421,42,240,88,8065,0.1135135135135135,0.1489361702127659,0.3230769230769231,0.2038834951456311,0.9152560763888888,0.2889999747276306,0.9420289855072465
SCN_yao_0059,Yaounde,CROMA,25,1,0.28461262,1.244706394672394,53,207,13,8366,0.1941391941391941,0.2038461538461538,0.803030303030303,0.3251533742331288,0.9373914930555556,0.3569999933242798,0.8048780487804879
SCN_yao_0059,Yaounde,OA_MAE,25,1,0.29550265,1.1168168687820434,58,202,8,8371,0.2164179104477611,0.2230769230769231,0.8787878787878788,0.3558282208588957,0.9373914930555556,0.3569999933242798,0.8048780487804879
SCN_yao_0059,Yaounde,UNet_S1S2,25,1,0.2194856,1.2810627722740189,51,209,15,8364,0.1854545454545454,0.1961538461538461,0.7727272727272727,0.3128834355828221,0.9373914930555556,0.3569999933242798,0.8048780487804879
SCN_yao_0059,Yaounde,UNet_S2,25,1,0.20411734,1.4007392358779922,19,241,47,8332,0.0618892508143322,0.073076923076923,0.2878787878787879,0.1165644171779141,0.9373914930555556,0.3569999933242798,0.8048780487804879
SCN_yao_0060,Yaounde,CROMA,25,1,0.28827736,0.9495496684505094,40,95,6,1763,0.2836879432624113,0.2962962962962963,0.8695652173913043,0.4419889502762431,0.2065972222222222,0.8009999394416809,0.5111111111111111
SCN_yao_0060,Yaounde,OA_MAE,25,1,0.31274448,0.8153219532325702,44,97,2,1761,0.3076923076923077,0.3120567375886525,0.9565217391304348,0.4705882352941176,0.2065972222222222,0.8009999394416809,0.5111111111111111
SCN_yao_0060,Yaounde,UNet_S1S2,25,1,0.21862791,0.794185583852098,40,139,6,1719,0.2162162162162162,0.2234636871508379,0.8695652173913043,0.3555555555555555,0.2065972222222222,0.8009999394416809,0.5111111111111111
SCN_yao_0060,Yaounde,UNet_S2,25,1,0.16464291,1.0113679287125987,23,92,23,1766,0.1666666666666666,0.2,0.5,0.2857142857142857,0.2065972222222222,0.8009999394416809,0.5111111111111111
SCN_yao_0061,Yaounde,CROMA,25,1,0.28856936,1.2522119114903143,34,84,4,3088,0.2786885245901639,0.288135593220339,0.8947368421052632,0.4358974358974359,0.3483072916666667,0.73499995470047,0.4871794871794871
SCN_yao_0061,Yaounde,OA_MAE,25,1,0.27989293,1.687000814676285,29,68,9,3104,0.2735849056603773,0.2989690721649484,0.7631578947368421,0.4296296296296297,0.3483072916666667,0.73499995470047,0.4871794871794871
SCN_yao_0061,Yaounde,UNet_S1S2,25,1,0.23353835,1.247136207818985,23,74,15,3098,0.2053571428571428,0.2371134020618556,0.6052631578947368,0.3407407407407408,0.3483072916666667,0.73499995470047,0.4871794871794871
SCN_yao_0061,Yaounde,UNet_S2,25,1,0.20308676,1.0881907083227649,23,95,15,3077,0.1729323308270676,0.1949152542372881,0.6052631578947368,0.2948717948717949,0.3483072916666667,0.73499995470047,0.4871794871794871
SCN_yao_0062,Yaounde,CROMA,25,1,0.28926226,1.323673204183578,29,238,32,8581,0.0969899665551839,0.1086142322097378,0.4754098360655737,0.1768292682926829,0.9635416666666666,0.2559999823570251,0.61
SCN_yao_0062,Yaounde,OA_MAE,25,1,0.31297044,1.2439282095432258,48,219,13,8600,0.1714285714285714,0.1797752808988764,0.7868852459016393,0.2926829268292683,0.9635416666666666,0.2559999823570251,0.61
SCN_yao_0062,Yaounde,UNet_S1S2,25,1,0.24704013,1.3801476359367346,31,236,30,8583,0.1043771043771043,0.1161048689138576,0.5081967213114754,0.1890243902439024,0.9635416666666666,0.2559999823570251,0.61
SCN_yao_0062,Yaounde,UNet_S2,25,1,0.20278824,1.1182979918551703,16,939,45,7880,0.016,0.0167539267015706,0.2622950819672131,0.0314960629921259,0.9635416666666666,0.2559999823570251,0.61
SCN_yao_0063,Yaounde,CROMA,25,1,0.2815486,0.6639863419725048,47,121,0,772,0.2797619047619047,0.2797619047619047,1.0,0.4372093023255814,0.1019965277777777,0.8439598083496094,0.6911764705882353
SCN_yao_0063,Yaounde,OA_MAE,25,1,0.28371145,0.6575094527711149,47,118,0,775,0.2848484848484848,0.2848484848484848,1.0,0.4433962264150943,0.1019965277777777,0.8439598083496094,0.6911764705882353
SCN_yao_0063,Yaounde,UNet_S1S2,25,1,0.20566395,0.6271090468668171,47,181,0,712,0.2061403508771929,0.2061403508771929,1.0,0.3418181818181818,0.1019965277777777,0.8439598083496094,0.6911764705882353
SCN_yao_0063,Yaounde,UNet_S2,25,1,0.1895163,0.360757714574055,46,195,1,698,0.1900826446280991,0.1908713692946058,0.9787234042553192,0.3194444444444444,0.1019965277777777,0.8439598083496094,0.6911764705882353
SCN_yao_0064,Yaounde,CROMA,25,1,0.26098589,1.398539299964905,56,221,14,8924,0.1924398625429553,0.2021660649819494,0.8,0.3227665706051873,0.9998914930555556,0.0630000084638595,1.0
SCN_yao_0064,Yaounde,OA_MAE,25,1,0.31274043,1.2698526215553283,62,215,8,8930,0.2175438596491228,0.223826714801444,0.8857142857142857,0.3573487031700287,0.9998914930555556,0.0630000084638595,1.0
SCN_yao_0064,Yaounde,UNet_S1S2,25,1,0.2273233,1.5150238227844235,46,231,24,8914,0.1528239202657807,0.1660649819494584,0.6571428571428571,0.2651296829971181,0.9998914930555556,0.0630000084638595,1.0
SCN_yao_0064,Yaounde,UNet_S2,25,1,0.18385711,1.7441967487335204,32,245,38,8900,0.1015873015873015,0.1155234657039711,0.4571428571428571,0.1844380403458213,0.9998914930555556,0.0630000084638595,1.0
SCN_yao_0065,Yaounde,CROMA,25,1,0.28307163,1.2647362649440763,77,190,21,8588,0.2673611111111111,0.2883895131086142,0.7857142857142857,0.421917808219178,0.9631076388888888,0.2409999668598175,1.0
SCN_yao_0065,Yaounde,OA_MAE,25,1,0.27979007,1.5157519280910492,80,187,18,8591,0.2807017543859649,0.299625468164794,0.8163265306122449,0.4383561643835616,0.9631076388888888,0.2409999668598175,1.0
SCN_yao_0065,Yaounde,UNet_S1S2,25,1,0.25277081,1.3932368457317352,68,199,30,8579,0.2289562289562289,0.2546816479400749,0.6938775510204082,0.3726027397260273,0.9631076388888888,0.2409999668598175,1.0
SCN_yao_0065,Yaounde,UNet_S2,25,1,0.19965406,1.5257498031235086,65,232,33,8546,0.1969696969696969,0.2188552188552188,0.6632653061224489,0.3291139240506329,0.9631076388888888,0.2409999668598175,1.0
SCN_yao_0066,Yaounde,CROMA,25,1,0.26460037,0.8068093552170689,33,89,0,1782,0.2704918032786885,0.2704918032786885,1.0,0.4258064516129032,0.2065972222222222,0.8163219094276428,0.34375
SCN_yao_0066,Yaounde,OA_MAE,25,1,0.3000746,0.856432381366316,33,76,0,1795,0.3027522935779816,0.3027522935779816,1.0,0.4647887323943662,0.2065972222222222,0.8163219094276428,0.34375
SCN_yao_0066,Yaounde,UNet_S1S2,25,1,0.25237925,0.8694919691824996,33,95,0,1776,0.2578125,0.2578125,1.0,0.4099378881987577,0.2065972222222222,0.8163219094276428,0.34375
SCN_yao_0066,Yaounde,UNet_S2,25,1,0.16462697,1.2319139099121093,13,45,20,1826,0.1666666666666666,0.2241379310344827,0.3939393939393939,0.2857142857142857,0.2065972222222222,0.8163219094276428,0.34375
SCN_yao_0067,Yaounde,CROMA,25,1,0.28664654,1.2352373048823369,100,233,14,8702,0.2881844380403458,0.3003003003003003,0.8771929824561403,0.4474272930648769,0.9818793402777778,0.2399999797344207,1.0
SCN_yao_0067,Yaounde,OA_MAE,25,1,0.26873772,1.4815267324447627,68,204,46,8731,0.2138364779874214,0.25,0.5964912280701754,0.3523316062176165,0.9818793402777778,0.2399999797344207,1.0
SCN_yao_0067,Yaounde,UNet_S1S2,25,1,0.24269356,1.426242391012048,77,225,37,8710,0.2271386430678466,0.2549668874172185,0.6754385964912281,0.3701923076923077,0.9818793402777778,0.2399999797344207,1.0
SCN_yao_0067,Yaounde,UNet_S2,25,1,0.16506965,1.6734789585810836,42,260,72,8675,0.1122994652406417,0.1390728476821192,0.3684210526315789,0.2019230769230769,0.9818793402777778,0.2399999797344207,1.0
SCN_yao_0068,Yaounde,CROMA,25,1,0.25974665,1.129441903163028,54,144,10,5160,0.2596153846153846,0.2727272727272727,0.84375,0.4122137404580152,0.5824652777777778,0.6019999384880066,0.6736842105263158
SCN_yao_0068,Yaounde,OA_MAE,25,1,0.29052279,1.1287125477226831,60,138,4,5166,0.297029702970297,0.303030303030303,0.9375,0.4580152671755725,0.5824652777777778,0.6019999384880066,0.6736842105263158
SCN_yao_0068,Yaounde,UNet_S1S2,25,1,0.22709137,1.5328080478791288,19,161,45,5143,0.0844444444444444,0.1055555555555555,0.296875,0.1557377049180328,0.5824652777777778,0.6019999384880066,0.6736842105263158
SCN_yao_0068,Yaounde,UNet_S2,25,1,0.20139624,1.4420801043510432,26,136,38,5168,0.13,0.1604938271604938,0.40625,0.2300884955752212,0.5824652777777778,0.6019999384880066,0.6736842105263158
SCN_yao_0069,Yaounde,CROMA,25,1,0.29058841,1.1321265892828665,54,125,3,2041,0.2967032967032967,0.3016759776536313,0.9473684210526316,0.4576271186440678,0.2412109375,0.7655969262123108,0.504424778761062
SCN_yao_0069,Yaounde,OA_MAE,25,1,0.31313569,1.064538833761728,56,123,1,2043,0.3111111111111111,0.3128491620111732,0.9824561403508772,0.4745762711864406,0.2412109375,0.7655969262123108,0.504424778761062
SCN_yao_0069,Yaounde,UNet_S1S2,25,1,0.22634931,1.118416891559478,52,172,5,1994,0.2270742358078602,0.2321428571428571,0.912280701754386,0.3701067615658363,0.2412109375,0.7655969262123108,0.504424778761062
SCN_yao_0069,Yaounde,UNet_S2,25,1,0.20970785,0.5761145401000977,29,592,28,1574,0.0446841294298921,0.0466988727858293,0.5087719298245614,0.0855457227138643,0.2412109375,0.7655969262123108,0.504424778761062
