macro,logical_key,value,source
ValAblationCloudGateOffDelta,AblationCloudGateOffDelta,0.009,benchmark_values_consolidated.csv
ValAblationCloudGateOffHigh,AblationCloudGateOffHigh,0.011,benchmark_values_consolidated.csv
ValAblationCloudGateOffLow,AblationCloudGateOffLow,0.007,benchmark_values_consolidated.csv
ValAblationGatesOffDelta,AblationGatesOffDelta,0.014,benchmark_values_consolidated.csv
ValAblationGatesOffHigh,AblationGatesOffHigh,0.016,benchmark_values_consolidated.csv
ValAblationGatesOffLow,AblationGatesOffLow,0.012,benchmark_values_consolidated.csv
ValAblationNoOpacityClampDelta,AblationNoOpacityClampDelta,0.011,benchmark_values_consolidated.csv
ValAblationNoOpacityClampHigh,AblationNoOpacityClampHigh,0.013,benchmark_values_consolidated.csv
ValAblationNoOpacityClampLow,AblationNoOpacityClampLow,0.009,benchmark_values_consolidated.csv
ValAblationNoSARStreamDelta,AblationNoSARStreamDelta,0.031,benchmark_values_consolidated.csv
ValAblationNoSARStreamHigh,AblationNoSARStreamHigh,0.033,benchmark_values_consolidated.csv
ValAblationNoSARStreamLow,AblationNoSARStreamLow,0.029,benchmark_values_consolidated.csv
ValAblationNoStructuralFallbackDelta,AblationNoStructuralFallbackDelta,0.013,benchmark_values_consolidated.csv
ValAblationNoStructuralFallbackHigh,AblationNoStructuralFallbackHigh,0.015,benchmark_values_consolidated.csv
ValAblationNoStructuralFallbackLow,AblationNoStructuralFallbackLow,0.011,benchmark_values_consolidated.csv
ValAblationSARReliabilityOffDelta,AblationSARReliabilityOffDelta,0.007,benchmark_values_consolidated.csv
ValAblationSARReliabilityOffHigh,AblationSARReliabilityOffHigh,0.009,benchmark_values_consolidated.csv
ValAblationSARReliabilityOffLow,AblationSARReliabilityOffLow,0.005,benchmark_values_consolidated.csv
ValAblationSafetyWeightOffDelta,AblationSafetyWeightOffDelta,0.008,benchmark_values_consolidated.csv
ValAblationSafetyWeightOffHigh,AblationSafetyWeightOffHigh,0.010,benchmark_values_consolidated.csv
ValAblationSafetyWeightOffLow,AblationSafetyWeightOffLow,0.006,benchmark_values_consolidated.csv
ValAblationSameDateTargetsDelta,AblationSameDateTargetsDelta,0.023,benchmark_values_consolidated.csv
ValAblationSameDateTargetsHigh,AblationSameDateTargetsHigh,0.025,benchmark_values_consolidated.csv
ValAblationSameDateTargetsLow,AblationSameDateTargetsLow,0.021,benchmark_values_consolidated.csv
ValAblationUniformMaskingDelta,AblationUniformMaskingDelta,0.019,benchmark_values_consolidated.csv
ValAblationUniformMaskingHigh,AblationUniformMaskingHigh,0.021,benchmark_values_consolidated.csv
ValAblationUniformMaskingLow,AblationUniformMaskingLow,0.017,benchmark_values_consolidated.csv
ValCROMAAUPRCTwentyFive,CROMAAUPRCTwentyFive,0.313,benchmark_main_summary.csv
ValCROMAFOneTwentyFive,CROMAFOneTwentyFive,0.448,benchmark_main_summary.csv
ValCROMAGFLOPs,CROMAGFLOPs,93.6,benchmark_compute.csv
ValCROMAIoUFifty,CROMAIoUFifty,0.311,benchmark_main_summary.csv
ValCROMAIoUTen,CROMAIoUTen,0.267,benchmark_main_summary.csv
ValCROMAIoUTwentyDeletion,CROMAIoUTwentyDeletion,0.240,benchmark_main_summary.csv
ValCROMAIoUTwentyFive,CROMAIoUTwentyFive,0.289,benchmark_main_summary.csv
ValCROMALatencyMean,CROMALatencyMean,24.2,benchmark_compute.csv
ValCROMALatencyPNineFive,CROMALatencyP95,31.0,benchmark_compute.csv
ValCROMAModelSize,CROMAModelSize,117,benchmark_compute.csv
ValCROMAParams,CROMAParams,29.3,benchmark_compute.csv
ValCROMAPretrainHours,CROMAPretrainHours,72.0,benchmark_compute.csv
ValCROMARetentionTwentyDeletion,CROMARetentionTwentyDeletion,0.831,benchmark_label_noise.csv
ValCROMAThroughput,CROMAThroughput,41.3,benchmark_compute.csv
ValCROMAVRAM,CROMAVRAM,2.6,benchmark_compute.csv
ValCityDakarCROMA,CityDakarCROMA,0.334,benchmark_primary_comparison.json; benchmark_main_runs.csv
ValCityDakarDelta,CityDakarDelta,0.022,benchmark_primary_comparison.json; benchmark_main_runs.csv
ValCityDakarOAMAE,CityDakarOAMAE,0.355,benchmark_primary_comparison.json; benchmark_main_runs.csv
ValCityDarEsSalaamCROMA,CityDarEsSalaamCROMA,0.267,benchmark_primary_comparison.json; benchmark_main_runs.csv
ValCityDarEsSalaamDelta,CityDarEsSalaamDelta,0.031,benchmark_primary_comparison.json; benchmark_main_runs.csv
ValCityDarEsSalaamOAMAE,CityDarEsSalaamOAMAE,0.298,benchmark_primary_comparison.json; benchmark_main_runs.csv
ValCityDoualaCROMA,CityDoualaCROMA,0.253,benchmark_primary_comparison.json; benchmark_main_runs.csv
ValCityDoualaDelta,CityDoualaDelta,0.032,benchmark_primary_comparison.json; benchmark_main_runs.csv
ValCityDoualaOAMAE,CityDoualaOAMAE,0.285,benchmark_primary_comparison.json; benchmark_main_runs.csv
ValCityGarouaCROMA,CityGarouaCROMA,0.303,benchmark_primary_comparison.json; benchmark_main_runs.csv
ValCityGarouaDelta,CityGarouaDelta,0.025,benchmark_primary_comparison.json; benchmark_main_runs.csv
ValCityGarouaOAMAE,CityGarouaOAMAE,0.328,benchmark_primary_comparison.json; benchmark_main_runs.csv
ValCityKigaliCROMA,CityKigaliCROMA,0.295,benchmark_primary_comparison.json; benchmark_main_runs.csv
ValCityKigaliDelta,CityKigaliDelta,0.024,benchmark_primary_comparison.json; benchmark_main_runs.csv
ValCityKigaliOAMAE,CityKigaliOAMAE,0.319,benchmark_primary_comparison.json; benchmark_main_runs.csv
ValCityYaoundeCROMA,CityYaoundeCROMA,0.282,benchmark_primary_comparison.json; benchmark_main_runs.csv
ValCityYaoundeDelta,CityYaoundeDelta,0.029,benchmark_primary_comparison.json; benchmark_main_runs.csv
ValCityYaoundeOAMAE,CityYaoundeOAMAE,0.312,benchmark_primary_comparison.json; benchmark_main_runs.csv
ValCloudGainClear,CloudGainClear,0.017,benchmark_cloud_stratified.csv
ValCloudGainLowModerate,CloudGainLowModerate,0.024,benchmark_cloud_stratified.csv
ValCloudGainModerate,CloudGainModerate,0.036,benchmark_cloud_stratified.csv
ValCloudGainSevere,CloudGainSevere,0.055,benchmark_cloud_stratified.csv
ValConditionalPrecision,ConditionalPrecision,0.740,benchmark_abstention_risk.csv
ValConditionalRecall,ConditionalRecall,0.660,benchmark_abstention_risk.csv
ValCoverage,Coverage,0.620,benchmark_abstention_risk.csv
ValEndToEndHumanReview,EndToEndHumanReview,0.712,benchmark_abstention_risk.csv
ValEndToEndNoFollowup,EndToEndNoFollowup,0.376,benchmark_abstention_risk.csv
ValEndToEndReacquisition,EndToEndReacquisition,0.613,benchmark_abstention_risk.csv
ValEndToEndSARFallback,EndToEndSARFallback,0.514,benchmark_abstention_risk.csv
ValGoldSubsetDelta,GoldSubsetDelta,0.031,gold_subset_delta.json
ValGoldSubsetDeltaHigh,GoldSubsetDeltaHigh,0.033,gold_subset_delta.json
ValGoldSubsetDeltaLow,GoldSubsetDeltaLow,0.028,gold_subset_delta.json
ValGoldSubsetPositiveShare,GoldSubsetPositiveShare,94.6,gold_subset_delta.json
ValGoldSubsetTiles,GoldSubsetTiles,240,gold_subset_delta.json
ValInventoryPerCity,InventoryPerCity,110,benchmark_inventory.csv
ValInventoryTest,InventoryTest,180,benchmark_inventory.csv
ValInventoryTotal,InventoryTotal,660,benchmark_inventory.csv
ValInventoryTrainPool,InventoryTrainPool,480,benchmark_inventory.csv
ValMaskCloudSTwoMaskClassGap,MaskCloudS2MaskClassGap,0.020,benchmark_cloud_mask_sensitivity.csv
ValMaskCloudSTwoMaskDelta,MaskCloudS2MaskDelta,0.034,benchmark_cloud_mask_sensitivity.csv
ValMaskCloudSTwoMaskPositiveCoverage,MaskCloudS2MaskPositiveCoverage,0.590,benchmark_cloud_mask_sensitivity.csv
ValMaskCloudSENOneTwoClassGap,MaskCloudSEN12ClassGap,0.020,benchmark_cloud_mask_sensitivity.csv
ValMaskCloudSENOneTwoDelta,MaskCloudSEN12Delta,0.031,benchmark_cloud_mask_sensitivity.csv
ValMaskCloudSENOneTwoPositiveCoverage,MaskCloudSEN12PositiveCoverage,0.610,benchmark_cloud_mask_sensitivity.csv
ValMaskSTwoCloudProbabilityClassGap,MaskS2CloudProbabilityClassGap,0.030,benchmark_cloud_mask_sensitivity.csv
ValMaskSTwoCloudProbabilityDelta,MaskS2CloudProbabilityDelta,0.033,benchmark_cloud_mask_sensitivity.csv
ValMaskSTwoCloudProbabilityPositiveCoverage,MaskS2CloudProbabilityPositiveCoverage,0.570,benchmark_cloud_mask_sensitivity.csv
ValOAMAEAUPRCTwentyFive,OAMAEAUPRCTwentyFive,0.340,benchmark_main_summary.csv
ValOAMAEFOneTwentyFive,OAMAEFOneTwentyFive,0.480,benchmark_main_summary.csv
ValOAMAEGFLOPs,OAMAEGFLOPs,103.8,benchmark_compute.csv
ValOAMAEIoUFifty,OAMAEIoUFifty,0.336,benchmark_main_summary.csv
ValOAMAEIoUTen,OAMAEIoUTen,0.291,benchmark_main_summary.csv
ValOAMAEIoUTwentyDeletion,OAMAEIoUTwentyDeletion,0.291,benchmark_main_summary.csv
ValOAMAEIoUTwentyFive,OAMAEIoUTwentyFive,0.316,benchmark_main_summary.csv
ValOAMAELatencyMean,OAMAELatencyMean,28.1,benchmark_compute.csv
ValOAMAELatencyPNineFive,OAMAELatencyP95,35.9,benchmark_compute.csv
ValOAMAEModelSize,OAMAEModelSize,119,benchmark_compute.csv
ValOAMAEParams,OAMAEParams,29.8,benchmark_compute.csv
ValOAMAEPretrainHours,OAMAEPretrainHours,96.0,benchmark_compute.csv
ValOAMAERetentionTwentyDeletion,OAMAERetentionTwentyDeletion,0.920,benchmark_label_noise.csv
ValOAMAEThroughput,OAMAEThroughput,35.6,benchmark_compute.csv
ValOAMAEVRAM,OAMAEVRAM,2.9,benchmark_compute.csv
ValPositiveCoverage,PositiveCoverage,0.570,benchmark_abstention_risk.csv
ValPrimaryCities,PrimaryCities,6,benchmark_primary_comparison.json; benchmark_main_runs.csv
ValPrimaryCityPValue,PrimaryCityPValue,0.031,benchmark_primary_comparison.json; benchmark_main_runs.csv
ValPrimaryDelta,PrimaryDelta,0.027,benchmark_primary_comparison.json; benchmark_main_runs.csv
ValPrimaryDeltaCIHigh,PrimaryDeltaCIHigh,0.030,benchmark_primary_comparison.json; benchmark_main_runs.csv
ValPrimaryDeltaCILow,PrimaryDeltaCILow,0.024,benchmark_primary_comparison.json; benchmark_main_runs.csv
ValPrimaryPositiveCities,PrimaryPositiveCities,6/6,benchmark_primary_comparison.json; benchmark_main_runs.csv
ValPrimaryRuns,PrimaryRuns,60,benchmark_primary_comparison.json; benchmark_main_runs.csv
ValProposalClearRegularEvents,ProposalClearRegularEvents,159,proposal_audit.csv
ValProposalClearRegularPrecision,ProposalClearRegularPrecision,0.880,proposal_audit.csv
ValProposalClearRegularRecall,ProposalClearRegularRecall,0.874,proposal_audit.csv
ValProposalClearRegularRecallHigh,ProposalClearRegularRecallHigh,0.922,proposal_audit.csv
ValProposalClearRegularRecallLow,ProposalClearRegularRecallLow,0.822,proposal_audit.csv
ValProposalClearRegularTiles,ProposalClearRegularTiles,60,proposal_audit.csv
ValProposalHeavyCloudEvents,ProposalHeavyCloudEvents,198,proposal_audit.csv
ValProposalHeavyCloudPrecision,ProposalHeavyCloudPrecision,0.860,proposal_audit.csv
ValProposalHeavyCloudRecall,ProposalHeavyCloudRecall,0.742,proposal_audit.csv
ValProposalHeavyCloudRecallHigh,ProposalHeavyCloudRecallHigh,0.798,proposal_audit.csv
ValProposalHeavyCloudRecallLow,ProposalHeavyCloudRecallLow,0.684,proposal_audit.csv
ValProposalHeavyCloudTiles,ProposalHeavyCloudTiles,60,proposal_audit.csv
ValProposalInformalSmallRoofsEvents,ProposalInformalSmallRoofsEvents,170,proposal_audit.csv
ValProposalInformalSmallRoofsPrecision,ProposalInformalSmallRoofsPrecision,0.812,proposal_audit.csv
ValProposalInformalSmallRoofsRecall,ProposalInformalSmallRoofsRecall,0.612,proposal_audit.csv
ValProposalInformalSmallRoofsRecallHigh,ProposalInformalSmallRoofsRecallHigh,0.679,proposal_audit.csv
ValProposalInformalSmallRoofsRecallLow,ProposalInformalSmallRoofsRecallLow,0.546,proposal_audit.csv
ValProposalInformalSmallRoofsTiles,ProposalInformalSmallRoofsTiles,60,proposal_audit.csv
ValProposalTextureComplexEvents,ProposalTextureComplexEvents,174,proposal_audit.csv
ValProposalTextureComplexPrecision,ProposalTextureComplexPrecision,0.858,proposal_audit.csv
ValProposalTextureComplexRecall,ProposalTextureComplexRecall,0.799,proposal_audit.csv
ValProposalTextureComplexRecallHigh,ProposalTextureComplexRecallHigh,0.855,proposal_audit.csv
ValProposalTextureComplexRecallLow,ProposalTextureComplexRecallLow,0.740,proposal_audit.csv
ValProposalTextureComplexTiles,ProposalTextureComplexTiles,60,proposal_audit.csv
ValTargetDOneTwoZeroAge,TargetD120Age,57,benchmark_target_window.csv
ValTargetDOneTwoZeroAvailability,TargetD120Availability,0.900,benchmark_target_window.csv
ValTargetDOneTwoZeroFallback,TargetD120Fallback,0.100,benchmark_target_window.csv
ValTargetDOneTwoZeroIoU,TargetD120IoU,0.355,benchmark_target_window.csv
ValTargetDThreeZeroAge,TargetD30Age,16,benchmark_target_window.csv
ValTargetDThreeZeroAvailability,TargetD30Availability,0.560,benchmark_target_window.csv
ValTargetDThreeZeroFallback,TargetD30Fallback,0.440,benchmark_target_window.csv
ValTargetDThreeZeroIoU,TargetD30IoU,0.344,benchmark_target_window.csv
ValTargetDSixZeroAge,TargetD60Age,29,benchmark_target_window.csv
ValTargetDSixZeroAvailability,TargetD60Availability,0.740,benchmark_target_window.csv
ValTargetDSixZeroFallback,TargetD60Fallback,0.260,benchmark_target_window.csv
ValTargetDSixZeroIoU,TargetD60IoU,0.354,benchmark_target_window.csv
ValTargetDNineZeroAge,TargetD90Age,43,benchmark_target_window.csv
ValTargetDNineZeroAvailability,TargetD90Availability,0.840,benchmark_target_window.csv
ValTargetDNineZeroFallback,TargetD90Fallback,0.160,benchmark_target_window.csv
ValTargetDNineZeroIoU,TargetD90IoU,0.359,benchmark_target_window.csv
ValTargetUnboundedAge,TargetUnboundedAge,86,benchmark_target_window.csv
ValTargetUnboundedAvailability,TargetUnboundedAvailability,0.970,benchmark_target_window.csv
ValTargetUnboundedFallback,TargetUnboundedFallback,0.030,benchmark_target_window.csv
ValTargetUnboundedIoU,TargetUnboundedIoU,0.342,benchmark_target_window.csv
ValUNetSOneSTwoAUPRCTwentyFive,UNetS1S2AUPRCTwentyFive,0.271,benchmark_main_summary.csv
ValUNetSOneSTwoFOneTwentyFive,UNetS1S2FOneTwentyFive,0.394,benchmark_main_summary.csv
ValUNetSOneSTwoGFLOPs,UNetS1S2GFLOPs,123.0,benchmark_compute.csv
ValUNetSOneSTwoIoUFifty,UNetS1S2IoUFifty,0.265,benchmark_main_summary.csv
ValUNetSOneSTwoIoUTen,UNetS1S2IoUTen,0.227,benchmark_main_summary.csv
ValUNetSOneSTwoIoUTwentyDeletion,UNetS1S2IoUTwentyDeletion,0.196,benchmark_main_summary.csv
ValUNetSOneSTwoIoUTwentyFive,UNetS1S2IoUTwentyFive,0.246,benchmark_main_summary.csv
ValUNetSOneSTwoLatencyMean,UNetS1S2LatencyMean,20.1,benchmark_compute.csv
ValUNetSOneSTwoLatencyPNineFive,UNetS1S2LatencyP95,26.4,benchmark_compute.csv
ValUNetSOneSTwoModelSize,UNetS1S2ModelSize,126,benchmark_compute.csv
ValUNetSOneSTwoParams,UNetS1S2Params,31.4,benchmark_compute.csv
ValUNetSOneSTwoPretrainHours,UNetS1S2PretrainHours,0.0,benchmark_compute.csv
ValUNetSOneSTwoRetentionTwentyDeletion,UNetS1S2RetentionTwentyDeletion,0.797,benchmark_label_noise.csv
ValUNetSOneSTwoThroughput,UNetS1S2Throughput,49.8,benchmark_compute.csv
ValUNetSOneSTwoVRAM,UNetS1S2VRAM,2.3,benchmark_compute.csv
ValUNetSTwoAUPRCTwentyFive,UNetS2AUPRCTwentyFive,0.239,benchmark_main_summary.csv
ValUNetSTwoFOneTwentyFive,UNetS2FOneTwentyFive,0.351,benchmark_main_summary.csv
ValUNetSTwoGFLOPs,UNetS2GFLOPs,116.0,benchmark_compute.csv
ValUNetSTwoIoUFifty,UNetS2IoUFifty,0.232,benchmark_main_summary.csv
ValUNetSTwoIoUTen,UNetS2IoUTen,0.195,benchmark_main_summary.csv
ValUNetSTwoIoUTwentyDeletion,UNetS2IoUTwentyDeletion,0.161,benchmark_main_summary.csv
ValUNetSTwoIoUTwentyFive,UNetS2IoUTwentyFive,0.213,benchmark_main_summary.csv
ValUNetSTwoLatencyMean,UNetS2LatencyMean,18.4,benchmark_compute.csv
ValUNetSTwoLatencyPNineFive,UNetS2LatencyP95,24.1,benchmark_compute.csv
ValUNetSTwoModelSize,UNetS2ModelSize,124,benchmark_compute.csv
ValUNetSTwoParams,UNetS2Params,31.0,benchmark_compute.csv
ValUNetSTwoPretrainHours,UNetS2PretrainHours,0.0,benchmark_compute.csv
ValUNetSTwoRetentionTwentyDeletion,UNetS2RetentionTwentyDeletion,0.752,benchmark_label_noise.csv
ValUNetSTwoThroughput,UNetS2Throughput,54.3,benchmark_compute.csv
ValUNetSTwoVRAM,UNetS2VRAM,2.1,benchmark_compute.csv
ValUnresolvedPositiveMass,UnresolvedPositiveMass,0.430,benchmark_abstention_risk.csv
